network_frequency,rn_w_tracker_outstanding,share_tracker_ostd,WriteBandWidth,WriteAvgLatency,WriteMaxLatency,rn_r_tracker_outstanding,ro_tracker_ostd,ReadBandWidth,ReadAvgLatency,ReadMaxLatency,FinishTime,TotalBandWidth,eject_queues_len,inject_queues_len,Topo
2,48,64,18.989023727585582,11135.6573621879,33585,64,64,25.25483286839916,7987.724792260945,27691,60000,44.24385659598474,2,1,5x4
2,48,64,23.514079924607895,9399.584835946685,24059,64,64,34.165298013245035,5651.498224448338,16320,60000,57.679377937852934,2,1,4x5
2,48,64,44.07697728795904,728.8953848974166,8385,64,64,46.70342704513559,2050.4851032151,9110,60000,90.78040433309462,2,1,4x9
2,48,64,18.61911190053286,4195.49989315587,31850,64,64,20.22878199851033,10923.356857151717,36721,60000,38.847893899043186,2,1,9x4
2,48,64,28.7548949706576,9033.421783447266,16672,64,64,41.39696799550814,2439.6790984623017,11940,36626,70.15186296616574,3,1,4x5
2,48,64,25.278302796528447,9940.498046815394,21381,64,64,33.09371893936965,3579.9123391722214,18323,60000,58.3720217358981,3,1,5x4
2,48,64,33.204851325247795,8211.999221801758,13565,64,64,49.929473225946886,1787.3194599454366,6972,31739,83.13432455119468,4,1,4x5
2,48,64,31.24109164581099,8518.817642211914,14010,64,64,43.79819238766071,2253.7003968253966,10783,33723,75.0392840334717,4,1,5x4
2,48,64,46.501702376385246,689.2360867375746,7178,64,64,48.553203499858874,1892.9699886837495,7918,60000,95.05490587624412,3,1,4x9
2,48,64,21.754688796680497,2164.824691772461,29026,64,64,21.530913642052564,8302.162822420634,33365,48358,43.285602438733065,3,1,9x4
2,48,64,33.857797868905394,8285.966354370117,13102,64,64,49.35175711212049,1636.317878844246,7824,31129,83.20955498102589,5,1,5x4
2,48,64,33.996109454026715,7988.67057800293,13182,64,64,50.296852158659,1647.7224857390872,7008,60000,84.29296161268572,5,1,4x5
2,48,64,46.44756081534462,648.3419799804688,7618,64,64,47.10624315443592,1889.3812779017858,8601,22747,93.55380396978055,4,1,4x9
2,48,64,35.0143920926971,7665.537673950195,12197,64,64,50.46159863114153,1575.1524367559523,7425,30106,85.47599072383863,6,1,5x4
2,48,64,34.441648875020526,7891.841491699219,12735,64,64,50.64233146894318,1549.8460751488096,7156,30605,85.0839803439637,6,1,4x5
2,48,64,47.2983356400256,639.8840789794922,5699,64,64,48.59432230120992,1890.1258370535713,7618,22341,95.89265794123551,5,1,4x9
2,48,64,33.16809008667046,750.2883148193359,14370,64,64,36.09820242008813,2745.2044270833335,14748,31772,69.26629250675859,4,1,9x4
2,48,64,35.04833210776121,7626.917739868164,12162,64,64,49.859530480146844,1555.9678974454366,7396,30077,84.90786258790806,7,1,5x4
2,48,64,34.44956961692621,7903.861557006836,12519,64,64,50.5530414340288,1556.6945064484128,7038,30598,85.00261105095501,7,1,4x5
2,48,64,45.569338488759605,642.1440582275391,7707,64,64,48.56688467510469,1896.120148189484,8346,23186,94.13622316386429,6,1,4x9
2,48,64,35.259289148929014,7485.461776733398,11724,64,64,50.8168570303269,1572.8441840277778,7153,29898,86.07614617925591,8,1,5x4
2,48,64,34.752129387200476,7788.004409790039,12227,64,64,50.65973006134969,1564.2676866319443,6897,30333,85.41185944855016,8,1,4x5
2,48,64,41.08035259549461,601.0337066650391,6636,64,64,44.38390092879257,1935.669937375992,10099,25683,85.46425352428719,5,1,9x4
2,48,64,35.23559259383716,7425.94140625,12077,64,64,49.67715853306382,1597.8656684027778,7442,29918,84.91275112690099,9,1,5x4
2,48,64,34.919941388037834,7477.069320678711,12105,64,64,50.69207347018957,1623.9066840277778,6949,30188,85.61201485822741,9,1,4x5
2,48,64,46.35514356338957,650.9694519042969,6644,64,64,48.464268945440885,1848.4449249751983,7856,22792,94.81941250883045,7,1,4x9
2,48,64,46.1216626347042,596.9713134765625,7328,64,64,48.86347282711608,1781.6458643353174,8179,22893,94.98513546182028,6,1,9x4
2,48,64,35.111706402357356,7445.399337768555,12048,64,64,50.66221655050555,1570.9497612847222,7328,30023,85.7739229528629,10,1,5x4
2,48,64,35.026088118381935,7714.366653442383,12312,64,64,50.1868041036612,1522.8286675347222,7076,30097,85.21289222204314,10,1,4x5
2,48,64,45.08529544945458,652.2488403320312,7469,64,64,47.374334496052874,1877.698257688492,7983,23429,92.45962994550746,8,1,4x9
2,48,64,35.15290489121325,7417.38508605957,12104,64,64,49.62222970049517,1570.7928757440477,7810,29988,84.77513459170842,11,1,5x4
2,48,64,44.361636417481066,616.1769409179688,7141,64,64,47.31136269881285,1760.4085751488096,8827,23795,91.67299911629391,7,1,9x4
2,48,64,35.45121373994185,7377.209014892578,11669,64,64,50.77685950413223,1614.585456969246,6951,29738,86.22807324407408,11,1,4x5
2,48,64,46.37975218480026,712.056884765625,7636,64,64,48.54404364388844,1805.1275111607142,7779,22780,94.9237958286887,9,1,4x9
2,48,64,35.52086720867209,7346.377227783203,11745,64,64,50.12100611828688,1589.2821180555557,7682,29679,85.64187332695897,12,1,5x4
2,48,64,35.0471606671346,7423.202209472656,12613,64,64,50.47393643031785,1628.3934616815477,7062,30079,85.52109709745244,12,1,4x5
2,48,64,45.09616377085842,608.8243713378906,8959,64,64,49.23170848039683,1695.429470486111,8139,23422,94.32787225125526,8,1,9x4
2,48,64,35.47520129914067,7345.655960083008,11651,64,64,50.01414865781568,1612.5936259920634,7480,29717,85.48934995695635,13,1,5x4
2,48,64,35.28420485900801,7469.775924682617,11874,64,64,50.58772789649088,1576.1458333333333,7007,29878,85.87193275549889,13,1,4x5
2,48,64,44.63611954493287,701.1771850585938,8299,64,64,48.0,1861.9430028521826,8432,23665,92.63611954493287,10,1,4x9
2,48,64,35.62102116384143,7250.512069702148,11634,64,64,50.26745884873868,1567.143043154762,7272,29596,85.8884800125801,14,1,5x4
2,48,64,45.82536491565423,563.3185272216797,7537,64,64,49.29754513325055,1647.6124441964287,8041,23040,95.12291004890477,9,1,9x4
2,48,64,35.08351177730193,7388.859085083008,12589,64,64,50.592686991471425,1603.6765718005952,6925,30048,85.67619876877336,14,1,4x5
2,48,64,46.394119283946054,649.3083190917969,6991,64,64,48.84497444633731,1861.0210503472222,7442,22773,95.23909373028337,11,1,4x9
2,48,64,48.2081743368121,549.4784851074219,7170,64,64,49.175416865173894,1658.2252139136904,7193,21909,97.383591201986,10,1,9x4
2,48,64,18.740846681922196,16431.644860954242,33857,64,64,32.962851758392695,6166.434525101554,18238,60000,51.703698440314895,2,2,5x4
2,48,64,22.576050664541285,10085.123490527152,27354,64,64,35.55102322056088,5176.929512822899,16067,60000,58.12707388510216,2,2,4x5
2,48,64,46.900538708748876,626.9839019775391,5860,64,64,48.58059961406316,1891.1583116319443,7886,22529,95.48113832281203,12,1,4x9
2,48,64,47.42756343570492,556.3995666503906,5704,64,64,48.21975147155003,1640.7325923859128,8724,22267,95.64731490725495,11,1,9x4
2,48,64,21.088027673310137,13083.2,31137,64,64,36.795094823898474,3524.635922555843,13321,60000,57.88312249720861,3,2,5x4
2,48,64,47.56442639637201,639.6382293701172,7809,64,64,48.868099611779186,1842.6688523065477,7607,22217,96.4325260081512,13,1,4x9
2,48,64,27.48519003931848,9822.29115739681,20230,64,64,45.209408260698176,2544.467036629412,9592,60000,72.69459830001665,3,2,4x5
2,48,64,48.09981651376147,553.9202423095703,8671,64,64,50.15753923903008,1646.049572172619,7665,21958,98.25735575279154,12,1,9x4
2,48,64,25.995388848947616,10196.53305053711,23578,64,64,42.04105571847507,1908.6011129712301,11641,40497,68.03644456742269,4,2,5x4
2,48,64,48.16315199103168,601.1454315185547,5466,64,64,49.032920051303975,1868.6894996279761,7946,21943,97.19607204233566,14,1,4x9
2,48,64,29.64759104275051,8771.367584228516,18918,64,64,48.64470521702248,1394.983661954365,8217,35527,78.29229625977298,4,2,4x5
2,48,64,26.93560070898302,9172.637573242188,23216,64,64,47.36346533290506,1204.457279265873,8856,39089,74.29906604188808,5,2,5x4
2,48,64,31.1316430140728,8531.763870239258,17073,64,64,49.488996499976025,1054.863994295635,8047,33841,80.62063951404883,5,2,4x5
2,48,64,45.94181563266737,573.2042388916016,8568,64,64,50.19168490153173,1587.4852895585318,7560,22982,96.1335005341991,13,1,9x4
2,48,64,43.0230876792959,837.0178031575412,11577,64,64,48.53202897187471,1766.8113438667763,7660,60000,91.55511665117061,2,2,4x9
2,48,64,29.191169510871077,8566.839889526367,20055,64,64,52.086188625927235,942.2312282986111,6305,36081,81.27735813679831,6,2,5x4
2,48,64,30.218328530259367,8762.620391845703,17732,64,64,50.34837325008536,880.3389756944445,7321,34859,80.56670178034473,6,2,4x5
2,48,64,47.11430625449317,594.4550323486328,6880,64,64,50.164852255054434,1584.2804129464287,7451,22414,97.27915850954761,14,1,9x4
2,48,64,28.44521607031441,8814.275665283203,21024,64,64,50.1868041036612,892.6655040922619,7134,37023,78.6320201739756,7,2,5x4
2,48,64,30.04085374588168,8553.843627929688,18740,64,64,48.33943708144055,890.3315817212301,7838,35064,78.38029082732223,7,2,4x5
2,48,64,45.6420908921719,656.1067521171893,8881,64,64,48.577560240963855,1526.438390352033,7350,60000,94.21965113313576,3,2,4x9
2,48,64,30.64667543475084,8527.724502563477,18107,64,64,49.25990264388661,815.5691499255952,7106,34374,79.90657807863745,8,2,4x5
2,48,64,28.433646076251424,8761.97932434082,20990,64,64,49.318744326054755,905.5607173859127,7533,37038,77.75239040230618,8,2,5x4
2,48,64,18.349052970626335,2960.2273747195213,30276,64,64,20.8772909333657,12093.038649365146,35566,60000,39.22634390399203,2,2,9x4
2,48,64,45.64676204748997,700.0271606445312,8444,64,64,48.91441569519477,1490.4137369791667,7170,23142,94.56117774268475,4,2,4x9
2,48,64,30.15142191678408,8618.601760864258,18673,64,64,50.01172537429139,823.763175843254,6572,60000,80.16314729107546,9,2,4x5
2,48,64,28.931023065886766,8455.297286987305,20460,64,64,50.491219488333414,890.2403273809524,7290,60000,79.42224255422018,9,2,5x4
2,48,64,45.4705608296444,585.6017913818359,7948,64,64,48.858846918489064,1378.2670200892858,7347,23231,94.32940774813346,5,2,4x9
2,48,64,29.486684851382133,8579.734100341797,19657,64,64,51.86633837495603,793.5332341269841,6679,35721,81.35302322633817,10,2,5x4
2,48,64,30.33150130170668,8496.663355458915,18493,64,64,48.66764109576123,808.4161086309524,7350,60000,78.99914239746792,10,2,4x5
2,48,64,19.542567466825705,3730.2127380371094,32613,64,64,22.44285962776135,8273.730871775793,31069,53814,41.98542709458705,3,2,9x4
2,48,64,47.66827880251604,605.2487182617188,7056,64,64,50.496159679076364,1385.525173611111,6638,22168,98.16443848159241,6,2,4x9
2,48,64,29.168433057943197,8428.320816040039,19905,64,64,52.93563772501154,799.8224361359127,6417,36109,82.10407078295474,11,2,5x4
2,48,64,30.206141614334275,8500.230560302734,18721,64,64,49.01429317631416,763.2065817212301,7385,34873,79.22043479064844,11,2,4x5
2,48,64,30.213104362358095,8293.246475219727,18801,64,64,51.91851516523314,756.6422991071429,6338,34866,82.13161952759123,12,2,5x4
2,48,64,47.726870414110785,622.3751220703125,8344,64,64,51.60701964901755,1344.7623852926588,6463,22141,99.33389006312834,7,2,4x9
2,48,64,31.78080863187246,8109.4373779296875,16304,64,64,52.249658314350796,782.8341393849206,6213,33153,84.03046694622326,12,2,4x5
2,48,64,25.5388961956257,1637.3420104980469,23322,64,64,31.96630535769588,4650.9184647817465,17186,41216,57.505201553321584,4,2,9x4
2,48,64,29.698813266491065,8534.899993896484,19460,64,64,51.5528918189991,746.3367280505952,6264,35467,81.25170508549016,13,2,5x4
2,48,64,30.772589875275127,8491.906631469727,18119,64,64,50.02384414073859,727.533435639881,6613,34234,80.79643401601372,13,2,4x5
2,48,64,47.82266228530281,633.2907562255859,8894,64,64,50.52829449774819,1326.9883432539682,6502,22097,98.350956783051,8,2,4x9
2,48,64,29.471767053599034,8440.084945678711,19696,64,64,53.109956264471315,724.7005828373016,6222,35739,82.58172331807035,14,2,5x4
2,48,64,31.81069684191366,8227.230819702148,16852,64,64,51.522012578616355,727.5763423859127,6204,33122,83.33270942053002,14,2,4x5
2,48,64,31.172364587668707,762.3267517089844,15967,64,64,42.95609471888135,2122.029808407738,11260,33805,74.12845930655006,5,2,9x4
2,48,64,48.94798887792294,577.269775390625,7561,64,64,50.50851438637698,1339.5321335565477,6465,21593,99.45650326429993,9,2,4x9
2,48,64,18.90759546184232,14933.923484339703,34070,64,64,27.05678779298411,6642.043968992248,23754,60000,45.96438325482643,2,3,5x4
2,48,64,48.79307812667033,551.0886688232422,7518,64,64,51.19238208599911,1310.843005952381,7005,21661,99.98546021266944,10,2,4x9
2,48,64,23.449720295368092,10124.852453510031,25472,64,64,34.39695979731982,5296.438222980307,15960,60000,57.84668009268792,2,3,4x5
2,48,64,36.46967167501391,1000.3246154785156,17971,64,64,45.09554807986369,1775.7549293154761,10797,28910,81.5652197548776,6,2,9x4
2,48,64,48.20305638280626,603.0125579833984,7528,64,64,50.55551746093941,1341.9015066964287,7243,21924,98.75857384374567,11,2,4x9
2,48,64,21.094288760586615,11608.828674316406,32023,64,64,32.77112105914849,5658.191158234127,18285,49869,53.865409819735106,3,3,5x4
2,48,64,26.14507642819739,8310.33082052769,22158,64,64,42.93980113990931,2934.670232060643,10116,60000,69.08487756810669,3,3,4x5
2,48,64,44.01343183344527,1069.6127624511719,9476,64,64,49.705865356833286,1634.7373821924602,7854,23982,93.71929719027855,7,2,9x4
2,48,64,47.465410693426804,584.3995361328125,9079,64,64,51.53230154767848,1324.199947296627,6337,22262,98.99771224110529,12,2,4x9
2,48,64,25.069357113825998,9415.828109741211,24823,64,64,37.25249025552187,2083.6144128224205,13712,41987,62.321847369347864,4,3,5x4
2,48,64,29.27756526595002,8552.190063476562,19733,64,64,46.1665623043206,1522.6075458829366,9216,35974,75.44412757027062,4,3,4x5
2,48,64,38.5265091670647,809.1337432861328,16202,64,64,48.62408140192199,1707.1982886904761,8651,27375,87.1505905689867,8,2,9x4
2,48,64,28.09764463142099,9095.263931274414,21401,64,64,47.64109664912767,1230.9273623511904,8451,37479,75.73874128054865,5,3,5x4
2,48,64,49.441985747202956,507.41017150878906,6783,64,64,51.87415820685496,1319.9974733382937,6644,21381,101.3161439540579,13,2,4x9
2,48,64,30.38822233814409,8617.00180053711,18298,64,64,50.18436406067678,1044.6219153025793,7339,34665,80.57258639882087,5,3,4x5
2,48,64,39.259275899509525,1265.822494506836,16436,64,64,44.38008427207843,1650.1024305555557,11741,26876,83.63936017158795,9,2,9x4
2,48,64,28.399761659715075,8679.159881591797,21641,64,64,44.97960606588809,963.7885509672619,9128,37081,73.37936772560317,6,3,4x5
2,48,64,49.302478867782696,574.2105407714844,6255,64,64,49.60076886112446,1352.9647352430557,7198,21439,98.90324772890716,14,2,4x9
2,48,64,27.785680216227675,8514.337112426758,21938,64,64,48.85653429261135,912.9060639880952,7242,60000,76.64221450883903,6,3,5x4
2,48,64,41.60850759890481,668.4401702880859,9983,64,64,47.41350482315112,1709.765407986111,9635,25359,89.02201242205592,10,2,9x4
2,48,64,31.09563773316331,8259.883209228516,17614,64,64,50.682117254247274,919.0535869295635,7090,33880,81.77775498741059,7,3,4x5
2,48,64,28.199655765920827,8610.027053833008,21195,64,64,52.54489920586439,897.3053385416666,6473,37344,80.74455497178522,7,3,5x4
2,48,64,43.5138916848368,788.8949835124572,12998,64,64,48.932385016595546,1837.9301074435264,8098,60000,92.44627670143234,2,3,4x9
2,48,64,29.40564794301579,8526.639907836914,20056,64,64,48.61721068249258,874.7651909722222,7467,35818,78.02285862550838,8,3,4x5
2,48,64,27.93000026636124,8548.23080444336,21672,64,64,50.67962881131242,876.9800192212301,7372,37703,78.60962907767366,8,3,5x4
2,48,64,45.117507852502044,605.0797119140625,9097,64,64,48.18373634581272,1807.8856491815477,8736,23399,93.30124419831476,11,2,9x4
2,48,64,29.122257401544186,8650.9130859375,20128,64,64,48.18373634581272,800.7176029265873,7357,36165,77.30599374735691,9,3,4x5
2,48,64,29.153390608057386,8215.372472724499,20235,64,64,53.155628798022455,854.6173985831873,6196,60000,82.30901940607984,9,3,5x4
2,48,64,36.131628820509285,1232.4296112060547,17548,64,64,46.30532501906599,1789.2616102430557,11529,29179,82.43695383957527,12,2,9x4
2,48,64,44.25284836219261,681.8097418055302,8916,64,64,46.60423533661444,1469.0905300035654,7607,60000,90.85708369880705,3,3,4x9
2,48,64,29.5856892951865,8444.784973144531,19654,64,64,48.796482768401646,810.6704954117064,7381,35601,78.38217206358814,10,3,4x5
2,48,64,29.890992018244013,8099.060791015625,18975,64,64,52.77864703175334,827.3829830109127,6251,35240,82.66963904999736,10,3,5x4
2,48,64,44.39544434565392,1210.8812713623047,12201,64,64,53.70405827263267,1465.7730964781747,7024,23777,98.09950261828659,13,2,9x4
2,48,64,45.423278528276306,670.3733825683594,8189,64,64,50.20389105058366,1363.3126550099207,7141,23255,95.62716957885996,4,3,4x9
2,48,64,32.1925580252978,7925.474822998047,16058,64,64,54.880476393024246,764.4291604662699,5577,32731,87.07303441832204,11,3,4x5
2,48,64,29.044817461636473,8531.379180908203,20042,64,64,52.167795410896595,768.3428509424604,6317,60000,81.21261287253307,11,3,5x4
2,48,64,31.29984179576729,8159.529434204102,17344,64,64,51.87415820685496,752.6193111359127,6273,33667,83.17400000262225,12,3,4x5
2,48,64,43.09315198693218,1449.598648071289,13912,64,64,52.92749461593683,1122.0692119295634,5398,24503,96.02064660286901,5,3,4x9
2,48,64,40.822860702328114,2037.0504302978516,12596,64,64,47.76234325112211,1260.4918464781747,8855,25844,88.58520395345022,14,2,9x4
2,48,64,29.385046519448494,8221.002136230469,19657,64,64,51.33495797483464,774.0496961805555,6436,35844,80.72000449428313,12,3,5x4
2,48,64,31.920121765601216,8107.636032104492,16712,64,64,52.633318035796236,697.2209821428571,5424,33009,84.55343980139745,13,3,4x5
2,48,64,48.589550608124696,569.3250274658203,7580,64,64,52.11248548492957,1248.531017485119,6474,21751,100.70203609305426,6,3,4x9
2,48,64,28.452162587507463,8359.075424194336,20912,64,64,51.233037176750884,737.9044053819445,6521,60000,79.68519976425834,13,3,5x4
2,48,64,30.514681488810638,8314.072128295898,18378,64,64,50.12830848428925,702.1180865575396,6484,34522,80.64298997309989,14,3,4x5
2,48,64,48.47048793508593,577.0042724609375,7632,64,64,51.77008727053867,1264.7369016617063,6695,21804,100.2405752056246,7,3,4x9
2,48,64,18.34528143377205,3207.83044068935,35364,64,64,20.19546370770465,12725.951099258891,37042,60000,38.540745141476705,2,3,9x4
2,48,64,29.222082880472648,8236.815383911133,20108,64,64,51.49117030829093,775.5183686755952,6445,36043,80.71325318876359,14,3,5x4
2,48,64,21.908536075578965,10885.204100012212,28213,64,64,34.12426837736847,5007.2921531234015,16583,60000,56.03280445294744,2,4,4x5
2,48,64,50.77823542467698,536.0282592773438,5637,64,64,51.632834775649044,1224.1783234126983,6377,20822,102.41107020032602,8,3,4x9
2,48,64,18.774907749077492,15691.72629297185,34757,64,64,32.9818774570908,6207.635857599156,17547,60000,51.756785206168296,2,4,5x4
2,48,64,26.22514568691694,10030.668726634623,23215,64,64,43.2687486900021,2328.734184867697,10014,60000,69.49389437691903,3,4,4x5
2,48,64,48.02420219110339,592.6363067626953,7905,64,64,50.055380437418165,1238.971183655754,6700,22008,98.07958262852156,9,3,4x9
2,48,64,21.109151668881104,4475.549728393555,31402,64,64,25.3996751808652,8040.483987475199,25674,49832,46.5088268497463,3,3,9x4
2,48,64,22.211019085343896,11674.0609750515,28904,64,64,34.15200344108791,4284.539225868457,15652,60000,56.363022526431806,3,4,5x4
2,48,64,28.648834731291494,8676.91340637207,19559,64,64,46.644312892584395,1475.1470734126983,8870,36760,75.29314762387588,4,4,4x5
2,48,64,49.57056242192325,551.9125061035156,6516,64,64,49.96814639105388,1233.9085131448412,7400,21324,99.53870881297712,10,3,4x9
2,48,64,25.65386309145178,2355.657684326172,22852,64,64,27.69423948914706,5289.11906312004,21616,41032,53.348102580598834,4,3,9x4
2,48,64,29.444456924632146,8430.320907592773,18825,64,64,52.03105151729005,1112.983878968254,6920,35771,81.4755084419222,5,4,4x5
2,48,64,27.01610285213717,9523.452011108398,21255,64,64,46.39899307740718,1916.706039186508,8487,38973,73.41509592954435,4,4,5x4
2,48,64,46.99308314899032,607.6734466552734,8927,64,64,50.729444144099865,1190.787574404762,6441,22485,97.7225272930902,11,3,4x9
2,48,64,27.86246479247489,8475.601089477539,21834,64,64,47.20102432778489,903.5553540426587,8333,37793,75.06348912025979,6,4,4x5
2,48,64,27.40587020726066,8829.110900878906,22648,64,64,49.997190603051585,1199.9373294890872,6962,38421,77.40306081031224,5,4,5x4
2,48,64,48.21635785234647,574.8056488037109,7822,64,64,51.96556411418215,1186.842075892857,6584,21918,100.18192196652862,12,3,4x9
2,48,64,25.065162308170386,2124.960922241211,26534,64,64,29.04719290840017,4295.064670138889,20791,41992,54.112355216570556,5,3,9x4
2,48,64,30.97896478373907,8101.950775146484,16961,64,64,52.146711124583206,917.3864087301587,6377,34007,83.12567590832228,7,4,4x5
2,48,64,28.476888816468417,8214.102111816406,21565,64,64,49.634160415464514,970.0733661954365,7224,36982,78.11104923193292,6,4,5x4
2,48,64,46.64599849102627,573.0009307861328,9552,64,64,51.357946064285,1241.0781715029761,6769,22654,98.00394455531128,13,3,4x9
2,48,64,29.480052855014197,8231.79182434082,19750,64,64,48.93760667551678,885.0323040674604,7358,35728,78.41765953053098,8,4,4x5
2,48,64,42.15889353489868,894.0085601806641,11542,64,64,48.5463267801712,1919.1839192708333,8550,25041,90.70522031506988,6,3,9x4
2,48,64,29.027932342275005,8269.23112487793,20341,64,64,53.55915317559153,885.563709077381,6327,36283,82.58708551786654,7,4,5x4
2,48,64,46.8314459725827,638.4273071289062,8118,64,64,49.60076886112446,1196.2544797867063,7491,22561,96.43221483370715,14,3,4x9
2,48,64,29.57817833065358,8391.205001831055,19446,64,64,50.03596878181201,806.8019283234127,6262,35610,79.61414711246559,9,4,4x5
2,48,64,29.645914616906982,8236.437927246094,19127,64,64,54.645137381544814,830.5614769345239,5880,35530,84.29105199845179,8,4,5x4
2,48,64,39.7760412715272,1252.9255828857422,13215,64,64,43.16447120812947,1680.595718625992,11213,26521,82.94051247965666,7,3,9x4
2,48,64,29.06011140980517,8350.181457519531,20582,64,64,48.884300260478334,846.2051866319445,7044,36242,77.9444116702835,10,4,4x5
2,48,64,28.819700967458225,8231.983001708984,20301,64,64,52.636002039775626,834.622318328373,6265,36544,81.45570300723385,9,4,5x4
2,48,64,42.181512728711226,791.1373039986564,11125,64,64,44.32593101670891,2189.584817898507,10652,60000,86.50744374542013,2,4,4x9
2,48,64,37.93141368832296,842.4706726074219,15177,64,64,47.25072098878462,1855.1768508184523,9573,27804,85.18213467710758,8,3,9x4
2,48,64,29.384223062911587,8289.825317382812,19805,64,64,48.872727272727275,783.8691871279761,7075,35844,78.25695033563886,11,4,4x5
2,48,64,29.288196190156974,7960.195510864258,20071,64,64,54.417545339519194,856.0981832837301,6121,35962,83.70574152967617,10,4,5x4
2,48,64,49.36515941315408,550.3948822021484,6192,64,64,50.88198757763975,1403.3910125248017,7117,21412,100.24714699079382,3,4,4x9
2,48,64,31.126098313939682,7943.570083618164,17512,64,64,51.68454258675079,825.4059864831349,6307,33847,82.81064090069047,12,4,4x5
2,48,64,28.069063361618973,8141.345199584961,21278,64,64,50.66719026114274,847.7513485863095,6796,37517,78.73625362276172,11,4,5x4
2,48,64,38.729999261283886,961.1306304931641,14987,64,64,45.664130242434965,1757.8634672619048,10273,27232,84.39412950371886,9,3,9x4
2,48,64,49.323354689033415,566.1972045898438,8189,64,64,50.71199764174118,1227.8001147073412,6794,21430,100.0353523307746,4,4,4x9
2,48,64,29.740087356061036,8152.288101196289,19681,64,64,49.58647194465796,771.5116257440476,6808,35417,79.326559300719,13,4,4x5
2,48,64,28.513283480625425,8109.587707519531,20579,64,64,52.919354011791846,797.0968191964286,6422,36935,81.43263749241727,12,4,5x4
2,48,64,37.65084380610413,1194.1418151855469,15579,64,64,41.60554637429965,1989.638392857143,12943,28012,79.25639018040377,10,3,9x4
2,48,64,47.465410693426804,576.0751800537109,7895,64,64,51.48346550950172,1207.175083705357,6539,22262,98.94887620292852,5,4,4x9
2,48,64,30.27066974595843,7993.50373840332,18678,64,64,50.892022482989844,766.0543774801587,6107,34799,81.16269222894827,14,4,4x5
2,48,64,29.667722951561792,7903.914535522461,19336,64,64,54.515263547058204,736.3126085069445,5799,35504,84.18298649862,13,4,5x4
2,48,64,30.07014424593502,7881.579452514648,18902,64,64,52.1809817501643,755.8909815228175,6277,35031,82.25112599609932,14,4,5x4
2,48,64,46.66883938129131,630.7024688720703,8755,64,64,52.46744268794795,1138.153041294643,6006,22639,99.13628206923926,6,4,4x9
2,48,64,22.540449873123737,10181.820243928501,28885,64,64,31.1552,5690.266135408753,18246,60000,53.69564987312374,2,5,4x5
2,48,64,40.00213634456186,949.5214385986328,13024,64,64,44.946309601567606,1868.8154296875,10843,60000,84.94844594612947,11,3,9x4
2,48,64,47.50197160286119,598.6129302978516,8225,64,64,50.89704142011834,1146.9551246279761,6685,22246,98.39901302297953,7,4,4x9
2,48,64,19.564581155741376,11845.983163389914,33264,64,64,29.1304863247622,7753.386410145107,20993,60000,48.695067480503575,2,5,5x4
2,48,64,25.144720750101914,9653.051071946289,23001,64,64,45.09878970594661,2598.6790469842354,8597,60000,70.24351045604853,3,5,4x5
2,48,64,38.18140771219459,2000.1375579833984,15827,64,64,47.87088396252667,1425.4014446924602,8550,27624,86.05229167472126,12,3,9x4
2,48,64,48.349777425758866,626.3935089111328,10193,64,64,51.06069750185506,1162.236607142857,6337,21860,99.41047492761393,8,4,4x9
2,48,64,29.116596784494487,8296.152908325195,19457,64,64,51.50401676563046,1506.359111483135,7219,36172,80.62061355012494,4,5,4x5
2,48,64,22.550162369083207,9908.208087281606,29611,64,64,34.220468786261314,4687.954783606151,15605,60000,56.77063115534452,3,5,5x4
2,48,64,43.4660918587299,929.0016784667969,12818,64,64,49.03059091772753,1738.7694382440477,8672,24286,92.49668277645742,13,3,9x4
2,48,64,49.92702694358866,534.6152496337891,7061,64,64,52.3822380106572,1115.671642485119,5888,21173,102.30926495424586,9,4,4x9
2,48,64,30.224425676649467,8322.855087280273,18739,64,64,51.29669018984196,1078.1627294146826,6908,34852,81.52111586649143,5,5,4x5
2,48,64,24.957775979435425,10191.892456054688,25978,64,64,40.15373842682642,1831.4984964037699,11598,42174,65.11151440626185,4,5,5x4
2,48,64,47.454668193197584,531.6103057861328,8823,64,64,52.2708259482453,1137.5390625,6473,22268,99.72549414144288,10,4,4x9
2,48,64,30.685239377267937,8138.831527709961,18129,64,64,51.76489468405216,959.276134672619,6514,34331,82.4501340613201,6,5,4x5
2,48,64,38.91253200727353,710.8455657958984,13306,64,64,47.0461257976299,1780.4825613839287,9845,60000,85.95865780490342,14,3,9x4
2,48,64,26.55093307674778,8489.488815307617,23985,64,64,48.08721174004193,1317.708736359127,7354,39653,74.6381448167897,5,5,5x4
2,48,64,49.94367617205993,548.7917175292969,7456,64,64,52.862439823824644,1096.3311476934523,6061,21166,102.80611599588457,11,4,4x9
2,48,64,28.10517569487255,8298.266571044922,22205,64,64,45.94462743701594,966.3024708581349,8021,37468,74.0498031318885,7,5,4x5
2,48,64,28.71473560259605,8206.713775634766,20834,64,64,52.27612053684477,926.6695808531746,6200,36677,80.99085613944082,6,5,5x4
2,48,64,29.53984843789616,8255.714797973633,19749,64,64,51.84028928732861,869.8531281001984,5889,35656,81.38013772522477,8,5,4x5
2,48,64,47.388173073372585,742.7663879394531,8457,64,64,50.323826239578764,1048.148468501984,6819,22298,97.71199931295135,12,4,4x9
2,48,64,28.657793325862965,8088.1660181582365,21359,64,64,51.35714996517066,960.63141169723,6532,60000,80.01494329103363,7,5,5x4
2,48,64,17.455566324654924,3820.044619060748,36531,64,64,17.94904081952102,13614.878870095037,44312,60000,35.40460714417594,2,4,9x4
2,48,64,29.04562200493061,8108.742340087891,20702,64,64,49.994768962510896,830.4845300099206,6634,36260,79.04039096744151,9,5,4x5
2,48,64,49.06711536590653,561.5987548828125,7858,64,64,53.30744202861127,1127.3438585069443,6381,21541,102.37455739451781,13,4,4x9
2,48,64,29.135204223395387,8044.153137207031,20311,64,64,53.66217832076943,894.9156901041666,6192,36150,82.79738254416482,8,5,5x4
2,48,64,29.380929698226343,8264.241104125977,20054,64,64,48.95153182206203,804.9492962549604,6578,35848,78.33246152028838,10,5,4x5
2,48,64,46.09228480807187,837.0211334228516,9724,64,64,51.30943977730278,1076.027359250992,6395,22921,97.40172458537464,14,4,4x9
2,48,64,29.225340728559882,8073.268798828125,20309,64,64,51.0051885160844,829.1070033482143,6555,36039,80.23052924464429,9,5,5x4
2,48,64,29.868854326895686,8100.848983764648,19287,64,64,52.297309621523034,789.0065104166666,5589,35265,82.16616394841873,11,5,4x5
2,48,64,20.290258910948566,2373.728068970779,31898,64,64,21.307020622174516,8889.94123482817,33541,60000,41.597279533123086,3,4,9x4
2,48,64,29.80687341880099,7838.447341918945,19453,64,64,53.11268910157456,833.3194909474206,5813,35339,82.91956252037555,10,5,5x4
2,48,64,29.748524738992284,8098.385726928711,19447,64,64,50.155102040816324,801.4809182787699,6457,35407,79.9036267798086,12,5,4x5
2,48,64,44.563767122100366,729.510238047976,9781,64,64,47.17914951989026,1822.629496960675,8394,60000,91.74291664199063,2,5,4x9
2,48,64,28.826039146690125,8106.745758056641,20983,64,64,50.216103137922644,842.9829489087301,7195,60000,79.04214228461277,11,5,5x4
2,48,64,27.390120941410025,1180.0894317626953,18766,64,64,33.67234292425132,4233.934802827381,15289,38441,61.06246386566134,4,4,9x4
2,48,64,29.231043710972347,8220.868774414062,20232,64,64,50.060235704932346,733.5015500992064,5920,36031,79.2912794159047,13,5,4x5
2,48,64,44.450695188100596,987.7704315185547,10398,64,64,50.53076810104274,1335.9346788194443,7151,23760,94.98146328914333,3,5,4x9
2,48,64,28.97899624143268,7991.846862792969,20122,64,64,54.33733417561592,770.9957837301587,6273,36344,83.3163304170486,12,5,5x4
2,48,64,29.43288609442542,8246.58576965332,19799,64,64,50.98251506470414,761.5450768849206,5922,35785,80.41540115912956,14,5,4x5
2,48,64,26.90657155320623,1639.744140625,22407,64,64,38.49451778921459,2274.3236452132937,14865,39132,65.40108934242082,5,4,9x4
2,48,64,45.656701515821744,684.1878967285156,9454,64,64,49.12860542598762,1362.034458705357,6949,23137,94.78530694180937,4,5,4x9
2,48,64,29.856947608200457,7714.338165283203,19457,64,64,52.56362988236493,822.2345920138889,6100,35280,82.42057749056539,13,5,5x4
2,48,64,22.73737198403055,10580.358485380564,27869,64,64,32.84760115882971,5365.472955370158,17197,60000,55.584973142860264,2,6,4x5
2,48,64,30.01505653356233,7741.941207885742,18851,64,64,53.928526645768024,775.7069382440476,5969,35095,83.94358317933035,14,5,5x4
2,48,64,43.04537966435902,1000.92041015625,10186,64,64,47.08690296975503,1505.4440104166667,8752,24530,90.13228263411405,5,5,4x9
2,48,64,38.25942277520342,710.5323791503906,14634,64,64,46.24101782994355,1799.589332217262,10231,27567,84.50044060514696,6,4,9x4
2,48,64,27.106067264689916,8132.737968077639,20053,64,64,43.78147268408551,2693.0994233630954,10420,60000,70.88753994877543,3,6,4x5
2,48,64,47.311186417199586,628.6202239990234,9118,64,64,52.05466740632407,1103.0831783234128,6117,22334,99.36585382352365,6,5,4x9
2,48,64,18.99396553286338,14570.207192904792,34634,64,64,26.238584358791822,7009.0724174819,25918,60000,45.232549891655204,2,6,5x4
2,48,64,38.7801324013462,1160.2577514648438,12878,64,64,43.382171226831424,1761.1168309771826,11496,27197,82.16230362817763,7,4,9x4
2,48,64,28.322286146449503,8335.129867553711,21478,64,64,46.623244048963365,1502.919224330357,8564,37182,74.94553019541287,4,6,4x5
2,48,64,47.45896460972204,591.7318420410156,9554,64,64,51.2712100139082,1165.8504309275793,6675,22267,98.73017462363023,7,5,4x9
2,48,64,23.324302079857635,10308.025269325846,25551,64,64,38.446008865050096,4181.845403813362,12308,60000,61.770310944907735,3,6,5x4
2,48,64,37.20069535601518,2017.7332153320312,15803,64,64,46.3593981585448,1357.4791201636904,9263,28347,83.56009351455998,8,4,9x4
2,48,64,29.262858259146597,8267.16732788086,20226,64,64,49.51511081262592,1046.4637276785713,7772,35992,78.77796907177252,5,6,4x5
2,48,64,49.78477332236273,517.5058746337891,8036,64,64,53.23046774276726,1070.6883525545634,6375,21233,103.01524106513,8,5,4x9
2,48,64,26.982039009829652,9077.85237121582,21164,64,64,45.86296987470008,2267.0188802083335,8990,39022,72.84500888452973,4,6,5x4
2,48,64,28.34142386074923,8219.002868652344,21531,64,64,46.92848374630598,976.0177641369048,8052,37157,75.26990760705522,6,6,4x5
2,48,64,40.990422579258045,1351.6333770751953,11958,64,64,46.02247191011236,1713.3339068700398,9271,25742,87.01289448937041,9,4,9x4
2,48,64,48.47048793508593,542.6619873046875,7812,64,64,51.5477427087495,1090.6358196924602,5865,21807,100.01823064383544,9,5,4x9
2,48,64,26.828092618651656,8314.414520263672,23632,64,64,46.4177721814993,1340.8965463789682,8361,39245,73.24586480015095,5,6,5x4
2,48,64,28.717881302549777,8145.899459838867,21218,64,64,47.84647476011681,958.4978453621031,7771,60000,76.56435606266659,7,6,4x5
2,48,64,38.224555263925346,1182.0240020751953,13237,64,64,45.80598207153635,1707.4214409722222,10565,27591,84.0305373354617,10,4,9x4
2,48,64,46.17145198626129,563.3019561767578,9644,64,64,50.979997036598014,1067.6934523809523,6636,22881,97.15144902285931,10,5,4x9
2,48,64,28.10140965857319,8085.1190185546875,21749,64,64,52.62258475656385,993.0668402777778,6637,37474,80.72399441513704,6,6,5x4
2,48,64,29.253877915411227,8344.343124389648,20134,64,64,50.50604296129569,868.7438461061508,6463,36003,79.75992087670691,8,6,4x5
2,48,64,28.72102769180202,7940.45930480957,21005,64,64,52.92206726825267,928.1001829117064,6328,36669,81.6430949600547,7,6,5x4
2,48,64,37.86019641825534,1853.9617919921875,16740,64,64,45.6600902415288,1614.178478422619,10851,27854,83.52028665978415,11,4,9x4
2,48,64,50.83486550847237,527.286865234375,6906,64,64,51.89502262443439,1059.6327659970239,5956,20798,102.72988813290675,11,5,4x9
2,48,64,28.950992572958945,8338.390121459961,20625,64,64,49.703471854384354,881.8699621775794,6767,36378,78.6544644273433,9,6,4x5
2,48,64,28.942202594534916,7881.990982055664,21129,64,64,51.28904347826087,913.3968874007936,6419,36390,80.23124607279578,8,6,5x4
2,48,64,50.41682981795802,508.4142303466797,6092,64,64,53.45098648438714,1025.990993923611,5866,20969,103.86781630234515,12,5,4x9
2,48,64,36.64555811840358,1414.3385925292969,18135,64,64,43.23136203719216,1998.5821552579366,11960,28772,79.87692015559574,12,4,9x4
2,48,64,29.17249054084131,8015.475006103516,20648,64,64,50.216103137922644,838.0757843501984,6310,36103,79.38859367876395,10,6,4x5
2,48,64,28.386691572592653,8000.133087158203,21791,64,64,51.72857572416558,860.1703093998016,6533,37099,80.11526729675823,9,6,5x4
2,48,64,45.0969756654746,647.5895233154297,9722,64,64,46.55385170485297,1056.9317646329366,8629,23422,91.65082737032756,13,5,4x9
2,48,64,29.95674656458018,8057.531982421875,19261,64,64,53.009038619556286,809.1462208581349,5439,35162,82.96578518413646,11,6,4x5
2,48,64,43.94334087670774,972.5462951660156,12603,64,64,48.58288619034171,1692.882347470238,8169,24023,92.52622706704945,13,4,9x4
2,48,64,29.496638442712875,7950.659927368164,19742,64,64,52.188896753969054,822.9430803571429,6086,35709,81.68553519668193,10,6,5x4
2,48,64,52.04105604318035,523.7127838134766,6506,64,64,53.68450616320799,1017.9026382688492,5875,20320,105.72556220638833,14,5,4x9
2,48,64,31.268107946921127,7872.141586303711,16829,64,64,54.1889962200756,812.0660187251984,5234,33694,85.45710416699673,12,6,4x5
2,48,64,29.418848020649214,7930.844390869141,19649,64,64,55.09725632539767,816.8433004712301,5751,35803,84.51610434604689,11,6,5x4
2,48,64,37.15456027212813,1237.330581665039,17614,64,64,46.48675914249685,1817.7349175347222,11879,28388,83.64131941462497,14,4,9x4
2,48,64,30.384700086931325,7936.202163696289,18395,64,64,51.73376102646351,769.6856398809524,6032,34669,82.11846111339483,13,6,4x5
2,48,64,29.398228103622294,7655.341232299805,19606,64,64,53.503628447024674,801.9595269097222,5910,35828,82.90185655064697,12,6,5x4
2,48,64,44.01822770042511,677.9303252404948,9236,64,64,46.514311471715125,1809.4172106364836,8620,60000,90.53253917214023,2,6,4x9
2,48,64,30.324069521964198,7733.316070556641,18539,64,64,52.59577070063694,778.1834232390873,5693,60000,82.91984022260114,14,6,4x5
2,48,64,29.13601378198894,7670.087478637695,19924,64,64,52.968235233745574,781.6273871527778,5986,36149,82.10424901573451,13,6,5x4
2,48,64,17.347996122605878,2923.5250250481695,43244,64,64,17.748731619227794,12632.029162790697,42289,60000,35.096727741833675,2,5,9x4
2,48,64,29.772174900624645,7767.408142089844,19247,64,64,54.25165562913907,765.4744543650794,5703,35380,84.02383052976371,14,6,5x4
2,48,64,47.12048934152853,608.6979735709708,8233,64,64,50.24788238730406,1296.9078466021826,6796,60000,97.36837172883259,3,6,4x9
2,48,64,23.052964983283477,10282.392550187009,26021,64,64,34.59478307516932,4998.53592085472,16566,60000,57.64774805845279,2,7,4x5
2,48,64,48.700148988923026,610.9836883544922,7783,64,64,51.5967008247938,1197.7376767113096,6445,21702,100.29684981371682,4,6,4x9
2,48,64,18.374213450651148,14099.512202567194,36603,64,64,23.643344788087056,6949.464915816564,28085,60000,42.017558238738204,2,7,5x4
2,48,64,26.583641803154,8607.366263810047,21050,64,64,44.380616588553984,2726.3990854131143,10258,60000,70.96425839170799,3,7,4x5
2,48,64,18.70152847384473,2910.1922302246094,30131,64,64,20.841416629649075,11213.610584077382,36802,56227,39.54294510349381,3,5,9x4
2,48,64,47.20254920983518,630.163818359375,9083,64,64,49.53649757642655,1117.1302238343253,7699,22385,96.73904678626172,5,6,4x9
2,48,64,28.398223377748888,8315.111022949219,19283,64,64,49.401359241887626,1532.574730282738,7981,37083,77.79958261963651,4,7,4x5
2,48,64,22.15309205383364,11597.221445683854,27447,64,64,40.98312487591821,3483.498186327701,10972,60000,63.136216929751846,3,7,5x4
2,48,64,50.084447850876685,530.7479858398438,6840,64,64,53.071726052753355,1044.3145771329366,6131,21107,103.15617390363005,6,6,4x9
2,48,64,28.335296978868293,8171.631271362305,21676,64,64,47.57741415072597,1179.0875806051588,8340,37165,75.91271112959427,5,7,4x5
2,48,64,22.614216701173223,2352.8904876708984,29854,64,64,32.80340685184008,4951.4291759672615,16878,46533,55.4176235530133,4,5,9x4
2,48,64,25.60335986716804,10373.212283512627,23053,64,64,49.69868554095046,1970.3389291914682,6919,60000,75.3020454081185,4,7,5x4
2,48,64,28.73204548568297,8077.046630859375,21268,64,64,46.394822006472495,1027.1994202628969,8330,36654,75.12686749215547,6,7,4x5
2,48,64,49.51203567362196,544.6968994140625,7584,64,64,51.2254094292804,1071.5106646825398,6572,21349,100.73744510290236,7,6,4x9
2,48,64,26.874160643805425,8270.687713623047,23629,64,64,44.393445443206744,1369.654281374008,8768,39178,71.26760608701217,5,7,5x4
2,48,64,36.775365622698416,1112.3976745605469,12674,64,64,42.666666666666664,2183.1735336061506,10142,28675,79.44203228936507,5,5,9x4
2,48,64,29.08832667554372,8071.884078979492,20696,64,64,51.01779359430605,899.4704241071429,6239,36207,80.10612026984977,7,7,4x5
2,48,64,46.26722069195717,580.3238525390625,7577,64,64,49.91015908321648,1153.2245473710318,7052,22834,96.17737977517365,8,6,4x9
2,48,64,28.8287693830419,8014.778576333257,20813,64,64,52.23034105859731,936.498752150796,6461,60000,81.0591104416392,6,7,5x4
2,48,64,39.35948350287151,970.8823699951172,13510,64,64,42.06847081838931,2093.7840401785716,12620,26812,81.42795432126081,6,5,9x4
2,48,64,29.25142968728206,7966.256820678711,20480,64,64,51.20507986903463,957.9959852430555,6448,36006,80.45650955631669,8,7,4x5
2,48,64,48.677537018217606,675.7588500976562,8357,64,64,53.98493723849372,990.3645523313492,5327,21712,102.66247425671133,9,6,4x9
2,48,64,28.285614091877747,8032.9171142578125,21623,64,64,52.355668272888664,902.3933531746031,6454,37231,80.64128236476641,7,7,5x4
2,48,64,29.44941863730832,8096.485382080078,19859,64,64,52.21001517450683,897.8768911210317,5755,35765,81.65943381181515,9,7,4x5
2,48,64,38.41500586166471,2251.5250854492188,17672,64,64,47.53359428966152,1750.5718470982142,9739,27454,85.94860015132623,7,5,9x4
2,48,64,50.82500772637554,500.7411193847656,6557,64,64,53.19754677111787,1036.6585286458333,5777,20802,104.02255449749342,10,6,4x9
2,48,64,28.591808910945083,7912.49333190918,21281,64,64,53.10722370858201,905.013671875,6293,36834,81.69903261952709,8,7,5x4
2,48,64,30.853174836697463,7747.204849243164,17886,64,64,52.598450876477784,849.0913628472222,6105,34145,83.45162571317525,10,7,4x5
2,48,64,47.63146153631561,652.4564208984375,8224,64,64,49.881215870101,1020.8472067212301,6889,22185,97.51267740641661,11,6,4x9
2,48,64,40.52154422846543,884.8313140869141,13170,64,64,47.31353135313531,1773.9526909722222,8894,26035,87.83507558160073,8,5,9x4
2,48,64,28.785680950942982,7805.567642211914,20997,64,64,52.34770260675525,922.1828187003969,6341,36587,81.13338355769824,9,7,5x4
2,48,64,31.87839357918098,7563.565856933594,16065,64,64,53.48145077720207,846.7357545882936,5860,33052,85.35984435638305,11,7,4x5
2,48,64,50.38775200455576,533.1890106201172,7942,64,64,54.515263547058204,962.0692274305555,5784,20981,104.90301555161396,12,6,4x9
2,48,64,29.412246500799416,7972.379348754883,20054,64,64,52.32116788321168,774.1863684275794,5241,35810,81.7334143840111,12,7,4x5
2,48,64,29.22615530408607,7887.003402709961,20239,64,64,52.32382014497896,836.0609499007936,6203,60000,81.54997544906503,10,7,5x4
2,48,64,39.44832775290621,1078.3156433105469,15201,64,64,48.08273163460195,1719.9586278521826,8579,26739,87.53105938750815,9,5,9x4
2,48,64,48.01760344775474,602.7260894775391,10176,64,64,53.54248366013072,945.5179036458334,5503,22025,101.56008710788547,13,6,4x9
2,48,64,29.691244761581153,7955.226913452148,19614,64,64,52.61721975837284,784.229476686508,5346,35475,82.30846451995399,13,7,4x5
2,48,64,29.53652009802541,7624.457809448242,19762,64,64,52.26553243202187,891.9566592261905,6394,35661,81.80205253004728,11,7,5x4
2,48,64,42.72055408433489,862.9535827636719,11356,64,64,48.35755446240337,1758.423843625992,8128,24703,91.07810854673826,10,5,9x4
2,48,64,51.881383696049355,496.44187927246094,6920,64,64,54.328754144955,986.2798549107143,5802,20382,106.21013784100435,14,6,4x9
2,48,64,30.417312099324107,7704.277114868164,18477,64,64,53.15097837281154,750.4912574404761,5486,34632,83.56829047213564,14,7,4x5
2,48,64,29.72069952665741,7617.225067138672,19372,64,64,52.968235233745574,805.3498108878969,5908,35441,82.68893476040299,12,7,5x4
2,48,64,42.19961365099807,1154.1775512695312,14700,64,64,49.08888571836211,1662.334743923611,8612,25006,91.28849936936018,11,5,9x4
2,48,64,29.289832402234637,7555.734237670898,20057,64,64,53.60643988574396,761.2061631944445,5954,35960,82.8962722879786,13,7,5x4
2,48,64,22.55763105793234,10121.044968174256,26486,64,64,33.863822805578344,5966.734,16449,60000,56.421453863510685,2,8,4x5
2,48,64,41.61409245642419,751.1211394897944,12191,64,64,45.92514796849272,2007.0088993627808,9427,60000,87.53924042491691,2,7,4x9
2,48,64,40.87856223928892,2271.694808959961,15987,64,64,49.833051706657656,1240.7096664186508,8150,25809,90.71161394594657,12,5,9x4
2,48,64,29.189544303092728,7659.89533996582,20182,64,64,52.43545847091694,791.8840990823413,6180,36083,81.62500277400967,14,7,5x4
2,48,64,26.622115018408024,9157.883385216383,21239,64,64,42.134552580013064,2304.5742388540957,9383,60000,68.75666759842109,3,8,4x5
2,48,64,42.64931261693647,871.4535522460938,12654,64,64,49.401359241887626,1662.1374007936508,7746,24746,92.0506718588241,13,5,9x4
2,48,64,19.133888158855306,14760.842408888346,34044,64,64,29.844765760555234,6455.406064928219,20753,60000,48.97865391941054,2,8,5x4
2,48,64,46.97552082300779,592.8975051499199,8016,64,64,50.84109939907398,1337.1394645874348,7074,60000,97.81662022208178,3,7,4x9
2,48,64,27.58249158249158,8329.930084228516,22548,64,64,42.57866512663971,1572.250496031746,9447,38175,70.16115670913129,4,8,4x5
2,48,64,42.265951872304406,1834.3636169433594,14308,64,64,53.55359551727716,1345.1938089037699,7352,24970,95.81954738958157,14,5,9x4
2,48,64,22.895322939866368,11981.95188830396,27078,64,64,37.137984384557264,3939.544325773899,14128,60000,60.03330732442363,3,8,5x4
2,48,64,28.072820732490896,8195.842895507812,22055,64,64,50.323826239578764,1067.9771980406747,7176,37511,78.39664697206966,5,8,4x5
2,48,64,45.50411206118798,702.3933563232422,11192,64,64,49.854714064914994,1216.2923177083333,7389,23214,95.35882612610297,4,7,4x9
2,48,64,28.521039031687746,8115.991027832031,21260,64,64,47.58618781983311,981.4937841021825,8082,36924,76.10722685152085,6,8,4x5
2,48,64,24.103533089671977,9883.231552124023,26497,64,64,34.77267214661097,2029.582527281746,14503,43663,58.87620523628295,4,8,5x4
2,48,64,48.23188551480514,516.0292510986328,6941,64,64,51.253388946819605,1147.6885695684523,6806,21911,99.48527446162475,5,7,4x9
2,48,64,28.970989666795603,7935.175720214844,20746,64,64,49.617459020333605,972.4490637400794,7193,36353,78.58844868712922,7,8,4x5
2,48,64,27.03909231562661,8133.214019775391,23326,64,64,44.78250683326826,1403.5176711309523,9373,38940,71.82159914889488,5,8,5x4
2,48,64,20.713636543248903,5691.152674551698,32207,64,64,23.721982164199687,9568.782624872105,29187,60000,44.43561870744859,2,6,9x4
2,48,64,49.772955436581576,549.2251586914062,6888,64,64,52.57969537975651,1024.8832620287699,5841,21238,102.35265081633808,6,7,4x9
2,48,64,28.998230088495575,8038.267547607422,20364,64,64,48.15676028739386,930.1122426835317,7295,36319,77.15499037588944,8,8,4x5
2,48,64,27.547709121479613,7962.057479858398,22908,64,64,50.84188749876859,995.4701450892857,6942,38224,78.3895966202482,6,8,5x4
2,48,64,48.13665896965303,565.3897857666016,8365,64,64,52.43812233285917,1036.0629495287699,6398,21954,100.5747813025122,7,7,4x9
2,48,64,29.238379388227422,7814.922790527344,20648,64,64,49.74898785425101,880.8794332837301,7358,36022,78.98736724247843,9,8,4x5
2,48,64,28.414383654445437,7800.880584716797,21718,64,64,52.17306914678528,1011.9568607390873,6449,37063,80.58745280123071,7,8,5x4
2,48,64,21.34647095946744,4161.449790188449,39198,64,64,21.621685030793078,7757.626978344779,32122,60000,42.96815599026051,3,6,9x4
2,48,64,49.73753541967586,537.8091735839844,8409,64,64,53.586958778943,997.5705760168651,5750,21253,103.32449419861885,8,7,4x9
2,48,64,30.994531642576334,7606.082504272461,17077,64,64,53.90036553524804,885.1836712549604,5840,33990,84.89489717782438,10,8,4x5
2,48,64,29.015883557474126,7814.091094970703,20850,64,64,52.71126544786028,880.8108723958334,6097,36298,81.72714900533441,8,8,5x4
2,48,64,50.74382667209149,493.04701232910156,5974,64,64,53.567491826249416,1014.3765811011905,6016,20837,104.31131849834091,9,7,4x9
2,48,64,29.018292514182924,7660.932083129883,20911,64,64,50.11370587949701,894.9544735863095,6524,36295,79.13199839367994,9,8,5x4
2,48,64,23.06438202494336,1555.2830810546875,25819,64,64,27.692753467657557,4683.2225012400795,24872,45621,50.757135492600916,4,6,9x4
2,48,64,29.747226871684305,7711.862760357061,19497,64,64,49.96253448860062,900.9860643921191,6789,60000,79.70976136028492,11,8,4x5
2,48,64,50.28383137594396,519.4044342041016,7377,64,64,52.3264726756565,993.2137896825396,5928,21024,102.61030405160045,10,7,4x9
2,48,64,28.717094812948456,7748.267654418945,21461,64,64,52.47544483985765,884.8608630952381,6059,36674,81.1925396528061,10,8,5x4
2,48,64,29.76034512118976,7748.859115600586,19650,64,64,50.654757815183785,830.6900576636905,6063,35393,80.41510293637354,12,8,4x5
2,48,64,51.45865824675107,515.7216796875,6295,64,64,53.7320145757418,945.2019934275794,5704,20548,105.19067282249287,11,7,4x9
2,48,64,33.20274848801495,1358.305404663086,14984,64,64,43.66663846349099,1983.115513392857,10330,31743,76.86938695150593,5,6,9x4
2,48,64,29.24164087118994,7631.259719848633,20397,64,64,53.52304900181488,802.5509052579365,5919,36019,82.76468987300483,11,8,5x4
2,48,64,31.01745252322073,7605.870758056641,17812,64,64,53.000872913992296,805.1260230654761,5443,33965,84.01832543721302,13,8,4x5
2,48,64,47.964878712502404,720.0406494140625,9815,64,64,52.21001517450683,939.8056950644841,5449,22032,100.17489388700923,12,7,4x9
2,48,64,29.77386563689023,7501.253524780273,19216,64,64,52.555600814663954,816.2463107638889,6109,35378,82.32946645155418,12,8,5x4
2,48,64,40.25398287842144,894.2818298339844,12330,64,64,46.12942438326779,1960.4509858630952,10432,26210,86.38340726168923,6,6,9x4
2,48,64,30.224425676649467,7725.5623779296875,18654,64,64,54.63356798814376,757.1768353174604,5491,34852,84.85799366479323,14,8,4x5
2,48,64,50.557847023010254,495.61903381347656,6468,64,64,53.86380003131034,914.333503844246,5565,20911,104.4216470543206,13,7,4x9
2,48,64,29.987588297537677,7500.395660400391,19140,64,64,55.89689158453374,811.271484375,5617,35127,85.88447988207142,13,8,5x4
2,48,64,52.8410708642775,476.91954040527344,6366,64,64,54.915513939135984,936.5993458581349,5613,20015,107.75658480341349,14,7,4x9
2,48,64,29.40977169462052,7527.255599975586,19734,64,64,53.066269086422295,805.375744047619,5978,35814,82.47604078104281,14,8,5x4
2,48,64,38.109249500272576,1456.9083557128906,15531,64,64,41.8756136151568,1856.2629898313492,13265,60000,79.98486311542938,7,6,9x4
2,48,64,36.88791951030746,1512.374526977539,17695,64,64,42.249273464041586,2071.7508835565477,13019,28593,79.13719297434905,8,6,9x4
2,48,64,42.460566263014734,908.4271623788076,12780,64,64,46.915340547422026,1905.3750910979827,8569,60000,89.37590681043676,2,8,4x9
2,48,64,44.8819072893036,699.6173706054688,9830,64,64,47.720388349514565,1721.940894717262,8970,23521,92.60229563881816,9,6,9x4
2,48,64,45.87245556387447,748.3176574707031,9621,64,64,51.534874432073494,1312.963650173611,6690,23029,97.40732999594796,3,8,4x9
2,48,64,36.57908323449382,1895.1495666503906,17517,64,64,42.330708661417326,2024.3217385912699,12029,28824,78.90979189591116,10,6,9x4
2,48,64,47.85540655512842,578.6298828125,7425,64,64,51.00266824785058,1343.8578249007937,7108,22082,98.85807480297899,4,8,4x9
2,48,64,35.9914876089792,1097.9638214111328,18554,64,64,43.433284241531666,2187.7873728918653,12223,29294,79.42477185051087,11,6,9x4
2,48,64,48.546800561557355,541.2861938476562,8182,64,64,50.622461991172145,1051.9024522569443,6541,60000,99.16926255272949,5,8,4x9
2,48,64,43.24916477624252,1084.6248474121094,13020,64,64,51.61992398479696,1598.0169890873017,7563,24403,94.86908876103948,12,6,9x4
2,48,64,50.43866021195541,580.8120422363281,8371,64,64,50.781855751254554,932.9204334077381,6074,20960,101.22051596320996,6,8,4x9
2,48,64,41.89109504214774,1019.5744476318359,10513,64,64,49.321100917431195,1541.8678540426588,8965,25189,91.21219595957893,13,6,9x4
2,48,64,50.807765804289666,506.51075744628906,6164,64,64,53.71244210854972,951.7268880208334,6047,20809,104.5202079128394,7,8,4x9
2,48,64,49.04416141395797,599.4538116455078,9385,64,64,52.03367444674094,977.2365296378969,6377,21551,101.07783586069891,8,8,4x9
2,48,64,36.60334415471079,1302.607894897461,15980,64,64,45.3272439838398,1805.619884672619,11574,28812,81.93058813855059,14,6,9x4
2,48,64,50.76348310400759,482.68968200683594,8112,64,64,54.68856628165731,923.5844339037699,5314,20830,105.4520493856649,9,8,4x9
2,48,64,51.09500696338609,541.8663940429688,7403,64,64,53.01448382126348,954.7957279265873,5693,20693,104.10949078464958,10,8,4x9
2,48,64,17.47163316121054,4032.13708776494,39947,64,64,19.713865490038774,12108.877482365708,39012,60000,37.18549865124932,2,7,9x4
2,48,64,48.639144821004166,605.2387542724609,8464,64,64,52.38755519464041,907.8307446676587,5784,21729,101.02670001564458,11,8,4x9
2,48,64,45.912633988927645,691.8720397949219,9862,64,64,46.70763382958505,975.1768663194445,8187,23009,92.6202678185127,12,8,4x9
2,48,64,19.210318041917045,4532.221542358398,35367,64,64,20.22161272627537,7755.601190476191,36975,54742,39.431930768192416,3,7,9x4
2,48,64,49.3837620460553,525.9612731933594,9033,64,64,51.83247966254896,855.4186352926587,5579,21404,101.21624170860426,13,8,4x9
2,48,64,50.264544581603346,600.4160919189453,8380,64,64,52.90850376749193,936.177734375,5722,21032,103.17304834909527,14,8,4x9
2,48,64,24.500584139445767,2030.5010375976562,25269,64,64,30.140512760614378,5062.595160590277,19364,42956,54.64109690006015,4,7,9x4
2,48,64,29.506598756225905,1784.8541870117188,18970,64,64,33.56831116459072,2165.8245597718255,16807,35695,63.07490992081662,5,7,9x4
2,48,64,44.66016440223178,711.9505767822266,11496,64,64,48.54404364388844,1804.4978763640872,8635,23638,93.20420804612021,6,7,9x4
2,48,64,38.341962849202865,1287.1673583984375,16050,64,64,43.43511193401784,1880.9903118799602,10875,27509,81.77707478322071,7,7,9x4
2,48,64,40.37177068494206,1353.6747131347656,13116,64,64,44.94435252111818,1660.3500279017858,10801,26132,85.31612320606024,8,7,9x4
2,48,64,37.67113346506197,1186.9024200439453,15322,64,64,41.70809762405043,1999.508525545635,13084,27994,79.37923108911241,9,7,9x4
2,48,64,38.74001551705028,738.5145263671875,14755,64,64,46.97760786455489,1682.7623077876983,9814,27227,85.71762338160516,10,7,9x4
2,48,64,35.97296648255515,2002.460708618164,16350,64,64,41.27447216890595,1548.1317119295634,12620,29307,77.2474386514611,11,7,9x4
2,48,64,39.959452764757444,1841.1755828857422,12656,64,64,47.654293628808865,1332.5976097470239,8842,26403,87.61374639356632,12,7,9x4
2,48,64,40.01740258748998,2300.8919067382812,16522,64,64,45.21010906223994,1306.3617001488096,9401,26361,85.22751164972992,13,7,9x4
2,48,64,44.24931425918893,880.1230621337891,11213,64,64,50.12587412587413,1681.418976314484,7809,23860,94.37518838506305,14,7,9x4
2,48,64,20.006565637286712,3485.2360869432487,30843,64,64,24.76101820973585,10219.659571499442,27034,60000,44.767583847022564,2,8,9x4
2,48,64,19.773633294989533,3928.176483154297,30492,64,64,22.991758364146655,7848.857948908731,32264,53187,42.765391659136185,3,8,9x4
2,48,64,28.09839755613913,3639.031234741211,25961,64,64,40.82876468494126,3165.8368365575398,10821,37476,68.9271622410804,4,8,9x4
2,48,64,32.43051990226704,1129.2542572021484,14876,64,64,40.25866843480635,2558.1615358382937,11106,32502,72.68918833707339,5,8,9x4
2,48,64,41.80258332004465,1076.833236694336,13647,64,64,48.461993520822574,1760.749984499008,8474,25247,90.26457684086722,6,8,9x4
2,48,64,37.19673643135864,844.0434112548828,13841,64,64,41.35218941548816,2109.3875248015875,13832,28348,78.5489258468468,7,8,9x4
2,48,64,37.020759779692135,1652.2772064208984,15936,64,64,45.92418579818473,1489.4002821180557,9941,28487,82.94494557787687,8,8,9x4
2,48,64,43.279511309228994,726.9906311035156,10537,64,64,48.34170101161484,1870.2916046626983,9264,24390,91.62121232084382,9,8,9x4
2,48,64,40.11998775635139,1399.856918334961,15283,64,64,47.476748999586036,1682.5817367311508,8653,26295,87.59673675593743,10,8,9x4
2,48,64,36.169017971094476,1287.7987060546875,17227,64,64,42.328972729136765,1896.6757347470239,12624,60000,78.49799070023124,11,8,9x4
2,48,64,36.94380438995173,1094.7576599121094,18371,64,64,44.56210335448776,2056.1408885168653,11832,28541,81.5059077444395,12,8,9x4
2,48,64,38.24209489769868,1382.4839703974976,12671,64,64,45.198230941016774,1532.4398716517858,9897,60000,83.44032583871545,13,8,9x4
2,48,64,37.43443647138624,978.5683135986328,15007,64,64,46.90289453355751,1776.4495132688492,9602,28172,84.33733100494375,14,8,9x4
