network_frequency,rn_r_tracker_outstanding,WriteBandWidth,WriteAvgLatency,WriteMaxLatency,rn_w_tracker_outstanding,ReadBandWidth,ReadAvgLatency,ReadMaxLatency,FinishTime,TotalBandWidth,Topo
2,32,51.60061021,299.1369476,4133,52,51.2992396,1701.833349,7864,20479,102.8998498,9x4
2,24,51.35044074,275.1630249,3262,48,51.04807122,1728.585751,7590,20578,102.398512,9x4
2,40,51.29015848,280.0110779,4072,48,50.95986176,1727.675099,8023,20602,102.2500202,9x4
2,48,51.19750012,226.1886444,3049,40,50.89453183,1684.451032,6384,20639,102.0920319,9x4
2,32,51.18250598,259.0269165,3502,44,50.87947947,1664.599268,7532,20645,102.0619854,9x4
2,36,51.17251476,256.7359009,3474,44,50.86944951,1679.790907,7664,20649,102.0419643,9x4
2,68,51.17001757,304.3598328,3680,52,51.04807122,1710.016586,8009,20650,102.2180888,9x4
2,24,51.16752062,293.3995819,3716,52,51.02031536,1668.268291,8219,20655,102.187836,9x4
2,24,51.1251097,253.3899536,3409,44,50.82186115,1738.967603,7129,20668,101.9469709,9x4
2,44,51.08774665,276.0891418,4130,48,51.11379618,1731.038194,7318,20683,102.2015428,9x4
2,24,51.05043817,217.291626,3048,40,50.74690265,1704.768741,6697,20698,101.7973408,9x4
2,64,51.04795287,288.3844452,3384,52,50.76187666,1750.753984,8206,20699,101.8098295,9x4
2,52,50.96855101,263.9949493,3482,44,50.66470328,1699.276135,7098,20731,101.6332543,9x4
2,32,50.94873913,290.9242249,3359,48,50.64481625,1706.341254,8164,20739,101.5935554,9x4
2,56,50.94131364,287.5823975,3395,52,50.63736264,1751.064019,8191,20742,101.5786763,9x4
2,48,50.90421865,261.8833313,3392,48,50.51593011,1726.161675,8291,20757,101.4201488,9x4
2,28,50.88692614,253.9331512,2973,48,50.58276977,1720.078931,8013,20764,101.4696959,9x4
2,52,50.87951866,312.3991241,4107,52,50.82686626,1738.639168,8131,20767,101.7063849,9x4
2,56,50.87704998,245.5534515,2856,44,50.46406571,1714.101904,7881,20768,101.3411157,9x4
2,72,50.84251358,256.9060669,3281,44,50.53819036,1722.349067,7465,20782,101.3807039,9x4
2,52,50.83758363,216.7135315,2918,40,50.53324195,1715.361762,6667,20784,101.3708256,9x4
2,64,50.83758363,242.6116028,3538,44,50.42215817,1722.192956,7687,20784,101.2597418,9x4
2,56,50.83758363,281.7206421,3232,48,50.51098605,1745.427424,8267,20784,101.3485697,9x4
2,52,50.83265464,270.9077148,3478,48,50.47146839,1732.498078,8285,20786,101.304123,9x4
2,48,50.78587688,251.2481232,3239,44,50.48134201,1719.705853,7599,20805,101.2672189,9x4
2,24,50.7760399,190.6362457,2850,36,50.47146839,1678.80044,6194,20809,101.2475083,9x4
2,44,50.7760399,257.9029083,3486,44,50.6995432,1680.010014,7488,20809,101.4755831,9x4
2,60,50.74164045,261.4857483,3474,48,50.36065574,1779.392315,8392,20823,101.1022962,9x4
2,36,50.70973982,289.355957,3176,52,50.43201251,1752.460519,8266,20836,101.1417523,9x4
2,72,50.68277829,270.1522675,3595,48,51.04302245,1745.796379,7512,20847,101.7258007,9x4
2,44,50.67053252,204.0712433,2561,40,50.36557041,1723.537001,7001,20852,101.0361029,9x4
2,36,50.65339839,205.8727417,2498,40,50.34837325,1760.799045,7054,20859,101.0017716,9x4
2,64,50.6509516,208.9298096,2963,40,50.34591747,1723.150639,6984,20860,100.9968691,9x4
2,32,50.64850505,191.5800018,2348,40,50.2454364,1749.068096,7453,20861,100.8939414,9x4
2,72,50.63872121,197.8830566,2731,40,50.25766871,1743.362336,7386,20865,100.8963899,9x4
2,44,50.63872121,292.3473816,3491,52,50.41230769,1743.923999,8443,20867,101.0510289,9x4
2,72,50.61427813,178.2861176,2728,36,50.30910952,1702.254201,6270,20875,100.9233876,9x4
2,28,50.60694981,245.7986908,2642,44,50.1916849,1720.242001,8287,20878,100.7986347,9x4
2,36,50.6045075,279.1652985,3189,48,50.2454364,1731.188415,8537,20879,100.8499439,9x4
2,36,50.6045075,335.5735168,4784,56,51.03545117,1701.639741,8063,20879,101.6399587,9x4
2,68,50.6045075,337.598526,4696,56,50.35082927,1723.425905,8395,20881,100.9553368,9x4
2,68,50.58985864,263.2661743,3075,44,50.19656665,1706.373279,8147,20885,100.7864253,9x4
2,68,50.57277901,212.9727325,2864,40,50.18924438,1689.211062,7197,20892,100.7620234,9x4
2,32,50.55814851,323.6744843,4318,56,50.51098605,1757.718192,8346,20898,101.0691346,9x4
2,56,50.53378313,205.6329041,2901,40,50.11857247,1719.164481,7249,20908,100.6523556,9x4
2,44,50.50214324,200.8480225,3032,36,50.19656665,1709.851144,6482,20921,100.6987099,9x4
2,40,50.48269222,254.8423615,3074,44,50.072378,1720.509797,8195,20929,100.5550702,9x4
2,72,50.41957975,325.7651825,4051,56,50.26745885,1717.185903,8539,20955,100.6870386,9x4
2,40,50.39534772,303.5554657,3325,52,50.17460626,1745.437841,8568,20965,100.569954,9x4
2,64,50.35662489,264.8749542,3153,48,49.97540428,1761.19353,8542,20981,100.3320292,9x4
2,64,50.53610941,174.2886047,2373,36,49.95363694,1737.227679,6307,20991,100.4897463,9x4
2,24,50.30589138,364.3440399,4866,60,50.31401414,1761.806904,8410,21002,100.6199055,9x4
2,60,50.30106495,270.2385101,4208,44,50.8093527,1691.479988,7126,21004,101.1104176,9x4
2,52,50.29382704,323.2748718,3813,56,50.15022835,1804.425239,8568,21007,100.4440554,9x4
2,40,50.2721258,195.6139526,2800,40,49.8691661,1721.137835,7793,21016,100.1412919,9x4
2,56,50.23599866,301.0553284,3569,56,50.11613906,1752.283482,8538,21033,100.3521377,9x4
2,60,50.19031208,203.0567169,2805,40,49.79458729,1737.163752,7613,21050,99.98489937,9x4
2,48,50.175902,168.4051971,2254,36,49.79698958,1741.349563,6801,21056,99.97289158,9x4
2,40,50.16629988,176.3462677,2331,36,49.78738183,1766.644066,6637,21060,99.9536817,9x4
2,48,50.18070444,353.1508179,4449,60,50.01899593,1714.175998,8548,21060,100.1997004,9x4
2,68,50.15910069,280.2571564,3461,48,49.8691661,1748.807757,8661,21064,100.0282668,9x4
2,44,50.14710665,351.6814575,4315,60,50.00687951,1780.781281,8591,21068,100.1539862,9x4
2,48,50.13751554,284.6811829,3109,52,49.94396865,1721.576962,8555,21072,100.0814842,9x4
2,48,50.12313576,331.5005493,3880,56,49.89568328,1788.532785,8615,21078,100.018819,9x4
2,28,50.09440092,355.4881592,4277,60,49.92705814,1790.23408,8575,21093,100.0214591,9x4
2,60,50.04658267,172.4339752,2957,36,49.66759696,1743.47137,6861,21110,99.71417962,9x4
2,52,50.02270776,359.3036652,4458,60,49.88121587,1741.311663,8644,21121,99.90392363,9x4
2,68,50.01316417,357.260498,4986,60,50.81685703,1733.097067,8303,21124,100.8300212,9x4
2,36,49.99170441,171.6208496,2349,36,49.61268926,1695.197033,6830,21133,99.60439367,9x4
2,40,49.97979028,365.1003265,4590,60,50.46159863,1719.99273,8453,21138,100.4413889,9x4
2,44,49.96073947,340.6902008,4725,56,50.94225644,1746.090851,7972,21146,100.9029959,9x4
2,64,49.93694638,326.3985138,4474,56,49.77537734,1773.389323,8661,21159,99.71232372,9x4
2,72,49.91080013,295.778717,3168,52,49.63416042,1690.242622,8730,21167,99.54496055,9x4
2,60,49.90367409,306.0041656,3720,52,49.64370912,1779.164962,8737,21170,99.54738321,9x4
2,32,49.84910863,158.1022797,2092,32,49.43448276,1724.141896,6007,21193,99.28359139,9x4
2,28,50.03912943,170.2589111,1995,36,49.46053956,1732.324157,6949,21197,99.49966899,9x4
2,32,49.7663028,430.9810333,4908,68,49.70107858,1709.671999,8624,21229,99.46738138,9x4
2,44,49.73325745,150.7948151,2310,32,49.41791545,1751.481523,6196,21242,99.1511729,9x4
2,56,49.73325745,401.5909119,3973,64,49.57694524,1717.212534,8638,21242,99.31020269,9x4
2,56,49.72382398,357.6689606,4387,60,49.58647194,1769.253426,8756,21246,99.31029592,9x4
2,56,49.70968048,170.5056915,1921,36,49.33052954,1752.823754,7393,21252,99.04021001,9x4
2,36,49.68848031,381.4504089,4768,60,50.4566652,1725.061647,8340,21261,100.1451455,9x4
2,40,49.67200379,434.2669067,5278,68,49.76817743,1697.952598,8677,21268,99.44018122,9x4
2,60,49.64848485,407.4401703,5060,68,49.56742221,1729.949498,8760,21278,99.21590705,9x4
2,24,49.82129122,154.0497894,1847,32,49.23170848,1738.978082,6425,21279,99.0529997,9x4
2,36,49.63203484,382.889267,4740,64,49.55790282,1747.667302,8864,21286,99.18993766,9x4
2,44,49.61324817,396.2314758,4549,64,50.30420586,1705.151739,8483,21293,99.91745402,9x4
2,68,49.60855372,153.7221375,1937,32,49.19416643,1757.639912,6255,21295,98.80272015,9x4
2,40,49.59682149,137.3990631,1976,32,49.18244628,1734.018369,6254,21300,98.77926777,9x4
2,48,49.76743194,160.9291687,2095,32,49.17775978,1754.202923,6278,21302,98.94519172,9x4
2,60,49.58509481,342.6185608,3543,56,49.42028153,1705.997845,8885,21307,99.00537634,9x4
2,24,49.57571746,334.6359406,3800,56,49.30932021,1745.762649,8866,21309,98.88503767,9x4
2,64,49.56868677,376.0996704,4568,60,49.44869215,1773.167891,8888,21312,99.01737893,9x4
2,52,49.55697339,149.3342438,2402,36,49.17775978,1781.055168,7451,21317,98.73473317,9x4
2,72,49.73908197,151.3621063,2462,32,49.12860543,1751.07735,6128,21321,98.8676874,9x4
2,68,49.54994802,409.0735016,4671,64,49.44395478,1717.511765,8833,21321,98.9939028,9x4
2,56,51.4504401,149.9918518,1888,32,49.12860543,1700.222548,6145,21323,100.5790455,9x4
2,60,49.50082613,146.4105225,1718,32,49.08421703,1773.184741,6593,21341,98.58504317,9x4
2,24,49.4891448,402.0478668,4696,64,49.5293666,1738.124395,8768,21346,99.0185114,9x4
2,40,49.47746898,388.2266693,4174,64,49.41318397,1767.796115,8719,21351,98.89065295,9x4
2,44,49.43548159,418.1918793,4097,68,49.29048278,1691.345114,8885,21372,98.72596437,9x4
2,36,49.60724019,154.7079926,1933,32,49.00963867,1736.104384,6201,21374,98.61687886,9x4
2,72,49.43548159,349.7155914,4483,60,49.18713367,1782.891524,8847,21375,98.62261526,9x4
2,72,49.40287397,385.4035492,4630,64,49.2012012,1767.626054,8950,21384,98.60407517,9x4
2,64,49.37728386,386.2937317,4569,64,49.2223176,1702.59082,8883,21394,98.59960145,9x4
2,72,49.3749588,418.4990082,4531,68,49.20823799,1772.093812,8895,21402,98.58319678,9x4
2,64,49.52053244,151.4953766,1886,32,48.9144157,1770.631076,6552,21415,98.43494814,9x4
2,24,49.3169034,422.6926727,4986,68,49.16604744,1778.36525,8900,21420,98.48295084,9x4
2,68,49.3076272,407.4400024,4064,68,49.19651113,1690.956473,9092,21424,98.50413833,9x4
2,60,49.30994592,355.8524933,3644,60,49.13562146,1760.802796,9076,21425,98.44556738,9x4
2,28,49.30530869,465.1083221,5885,72,49.73939861,1708.496497,8736,21425,99.04470731,9x4
2,28,49.27981953,159.7597961,2544,32,48.86578611,1768.522306,6386,21436,98.14560564,9x4
2,40,49.26361287,313.0024567,3567,56,49.0468995,1758.980763,9255,21450,98.31051237,9x4
2,56,49.24047899,428.2720947,4862,68,49.04456904,1713.87438,8894,21454,98.28504802,9x4
2,32,49.40235006,165.371582,2361,36,48.82879985,1773.007999,7781,21467,98.2311499,9x4
2,64,49.19427633,477.7820892,5022,72,49.26930788,1701.292969,8975,21473,98.46358421,9x4
2,44,49.17351341,455.8427429,5596,72,49.11691649,1759.350818,9055,21486,98.2904299,9x4
2,64,49.16429107,399.3382263,4137,68,49.03990878,1716.80506,8950,21489,98.20419985,9x4
2,28,49.15046405,388.7993774,4779,64,49.05622356,1766.681594,9064,21494,98.20668761,9x4
2,36,49.11132968,468.0509796,5462,72,48.91209781,1752.17465,9064,21510,98.02342749,9x4
2,72,49.10443008,471.4566803,5321,72,48.93064707,1735.871574,9010,21515,98.03507716,9x4
2,52,49.07685107,130.9057465,2093,32,48.66305219,1787.912171,7035,21524,97.73990326,9x4
2,28,49.04242084,411.210434,5096,68,49.15668159,1758.720099,9053,21539,98.19910243,9x4
2,32,49.00345827,402.0917816,4748,64,49.87398531,1736.14481,8718,21556,98.87744358,9x4
2,56,48.92115331,460.4788361,5143,72,48.97708185,1739.712534,9115,21592,97.89823516,9x4
2,28,48.92571855,328.6604462,3858,56,48.68141301,1755.998775,9254,21595,97.60713156,9x4
2,32,48.88238311,121.7758942,2144,28,48.50298388,1731.661706,5761,21609,97.38536699,9x4
2,32,48.85505288,361.7009277,4096,60,48.62637207,1780.290318,9115,21622,97.48142496,9x4
2,40,48.85505288,452.5932617,5632,72,48.75499504,1763.138687,9242,21622,97.61004792,9x4
2,60,48.85050082,401.1983643,4426,64,48.68141301,1775.570855,9018,21631,97.53191382,9x4
2,48,48.83002701,423.9467773,4657,68,48.75499504,1736.563864,9359,21632,97.58502205,9x4
2,72,48.80048401,118.2801208,2232,28,48.41652986,1732.078141,5877,21645,97.21701387,9x4
2,36,48.89765849,117.3233185,1986,28,48.33264656,1754.173255,5735,21683,97.23030505,9x4
2,52,48.66685232,404.5894775,4706,64,48.50526316,1723.095331,9304,21704,97.17211547,9x4
2,48,48.65781903,115.4835205,1711,28,48.27839102,1761.790303,5809,21708,96.93621005,9x4
2,68,48.65104626,121.4922333,2259,28,48.27161764,1754.553478,5675,21711,96.9226639,9x4
2,56,50.00995766,107.9951782,1825,28,48.1410382,1765.657645,5661,21769,98.15099585,9x4
2,52,48.49803432,467.1126862,4880,72,48.39836827,1737.107887,9535,21779,96.89640258,9x4
2,52,48.49579132,116.1208496,1575,28,48.11186725,1752.477617,5746,21780,96.60765857,9x4
2,28,48.43530879,113.5121002,1785,28,48.03350551,1760.761874,5850,21807,96.4688143,9x4
2,64,48.35044036,119.2245941,1960,28,47.9665412,1748.726082,5834,21845,96.31698155,9x4
2,60,48.34152413,120.4311981,1610,28,47.94426123,1747.55878,5752,21849,96.28578536,9x4
2,60,48.30366685,442.4212952,4965,72,48.10289869,1714.964937,9836,21874,96.40656554,9x4
2,52,48.20817434,425.4517975,4742,68,47.98438008,1713.002945,9452,21914,96.19255442,9x4
2,32,48.19709505,464.4673309,4910,72,48.02903541,1715.960457,9759,21914,96.22613046,9x4
2,24,48.15504018,101.4352417,1325,28,47.77118526,1786.371311,6028,21933,95.92622545,9x4
2,44,48.23612403,103.8843536,1486,28,47.68511503,1761.852338,5908,21973,95.92123906,9x4
2,40,48.03371507,106.757309,1583,28,47.65429363,1793.891493,5979,21988,95.6880087,9x4
2,48,48.03371507,444.181778,5458,72,47.88198729,1743.092076,9861,21988,95.91570236,9x4
2,68,47.96998948,455.1423187,4999,72,47.83317114,1742.885758,10096,22028,95.80316062,9x4
2,24,46.43209494,68.03605652,702,24,46.01836826,1893.733445,6558,22741,92.4504632,9x4
2,56,47.11168605,67.50617981,688,24,45.97942002,1907.830404,6577,22762,93.09110607,9x4
2,44,48.75968387,67.80308533,852,24,45.9139718,1906.439608,6609,22792,94.67365567,9x4
2,48,48.73049723,67.54121399,659,24,45.90580387,1907.277747,6613,22793,94.6363011,9x4
2,64,46.32542523,67.68429565,786,24,45.91192954,1908.220409,6610,22793,92.23735477,9x4
2,60,48.08495149,67.81530762,682,24,45.89967983,1909.706613,6616,22799,93.98463131,9x4
2,40,46.31110326,67.59208679,761,24,45.89763885,1907.884285,6617,22800,92.20874211,9x4
2,52,48.08949108,67.92022705,625,24,45.84870963,1910.075583,6641,22824,93.93820072,9x4
2,68,47.89096894,67.76422119,681,24,45.7592765,1910.358352,6685,22868,93.65024544,9x4
2,72,47.89096894,67.76422119,681,24,45.7592765,1910.358352,6685,22868,93.65024544,9x4
2,36,48.9315657,72.20419312,821,24,45.75521965,1919.950428,6687,22870,94.68678535,9x4
2,28,46.16430395,67.99617004,621,24,45.74508066,1899.422898,6692,22872,91.90938461,9x4
2,32,46.10138492,65.30001831,755,24,45.68838527,1933.51516,6720,22903,91.78977019,9x4
2,68,49.79390255,178.6141146,2193,36,49.4155496,1754.376783,6719,60000,99.20945215,9x4
2,28,50.55083643,224.687912,2811,40,50.15753924,1703.2274,7333,60000,100.7083757,9x4
2,28,51.04795287,308.2214966,4086,52,50.97747926,1714.134146,8061,60000,102.0254321,9x4
2,48,49.47746898,372.1019287,4195,64,49.31874433,1732.723214,8821,60000,98.7962133,9x4
2,36,49.07685107,432.2778931,4856,68,49.78257934,1761.671301,8713,60000,98.85943041,9x4
2,24,47.67121295,433.5148315,5628,72,47.46801564,1737.320886,10077,60000,95.13922858,9x4
2,64,38.93565037,4265.309006,9569,24,48.93064707,1326.759254,5223,27091,87.86629744,5x4
2,40,38.86493699,4219.746918,9633,24,49.27636416,1323.278816,5084,27140,88.14130115,5x4
2,72,38.79878635,4295.888229,9655,24,48.66305219,1329.097408,5339,27186,87.46183854,5x4
2,68,38.76436229,4272.532913,9655,24,49.01429318,1324.049045,5188,27210,87.77865547,5x4
2,24,38.67001033,4292.998077,9705,24,48.90978014,1341.77367,5305,27276,87.57979046,5x4
2,32,38.56334817,4276.645264,9794,24,49.09589041,1328.927145,5164,27351,87.65923858,5x4
2,56,38.54350303,4246.445801,9884,24,49.1426395,1321.58586,5132,27365,87.68614253,5x4
2,28,38.4600939,4253.141998,9939,24,49.07488233,1325.280304,5166,27424,87.53497622,5x4
2,60,38.37985432,4285.186493,9937,24,49.0468995,1328.723571,5173,27481,87.42675383,5x4
2,48,38.32094434,4363.043335,9978,24,48.64241282,1330.669999,5387,27523,86.96335716,5x4
2,52,38.27478464,4259.12059,10029,24,49.18713367,1327.083953,5113,27556,87.46191831,5x4
2,44,38.15223403,4343.867569,10098,24,48.80109687,1339.240095,5338,27644,86.9533309,5x4
2,36,37.91769726,4325.782806,10273,24,48.66075806,1340.807726,5428,27814,86.57845532,5x4
2,48,36.28918498,5747.166565,12489,28,53.93134438,870.5328776,3580,29055,90.22052936,5x4
2,68,36.28541768,5706.009827,12498,28,54.10378446,868.3323103,3560,29058,90.38920214,5x4
2,36,36.25656098,5733.988663,12489,28,53.83289872,893.0918899,3634,29081,90.08945969,5x4
2,60,35.97049844,5740.466278,12691,28,53.7992286,897.5777995,3726,29311,89.76972704,5x4
2,56,35.96432981,5755.819763,12768,28,53.95389682,878.7715929,3533,29316,89.91822663,5x4
2,32,35.92859346,5753.470963,12774,28,53.99623352,872.7765997,3557,29345,89.92482698,5x4
2,40,35.8978432,5798.362686,12792,28,53.53137641,878.0249101,3607,29370,89.42921962,5x4
2,44,35.88064604,5783.290726,12781,28,53.84413146,879.5478051,3662,29384,89.7247775,5x4
2,72,35.86591873,5755.294647,12801,28,54.15772076,881.6990327,3584,29396,90.02363949,5x4
2,28,35.61860118,5806.030869,12981,28,54.08677426,874.523236,3637,29599,89.70537544,5x4
2,52,35.4176856,5823.533707,13137,28,53.66496829,894.9112258,3652,29766,89.08265389,5x4
2,24,35.17295049,5795.977417,13347,28,53.84132283,890.6157149,3677,29972,89.01427332,5x4
2,28,34.9118029,6583.61554,13630,32,54.72045804,771.5792566,4219,30195,89.63226094,5x4
2,48,34.88392827,6543.40741,13728,32,54.89506994,768.7620133,3982,30219,89.77899821,5x4
2,56,34.8688481,6599.090393,13857,32,55.41077947,748.8895864,3583,30232,90.27962757,5x4
2,32,34.82715557,6606.039917,13927,32,54.48361045,759.9816158,3988,30268,89.31076602,5x4
2,60,34.7994159,6609.633316,13974,32,55.72187433,722.0143229,3656,30292,90.52129023,5x4
2,36,34.75443306,6609.906784,13993,32,55.59282598,727.5511688,3575,30331,90.34725905,5x4
2,52,34.74291773,6703.013031,13916,32,55.14729925,747.6408265,3900,30341,89.89021698,5x4
2,40,34.73486153,6657.350204,13987,32,55.66177739,751.5440383,3650,30348,90.39663893,5x4
2,68,34.66710748,6710.851837,14090,32,56.01519509,718.4684245,3423,30407,90.68230258,5x4
2,72,34.62703917,6659.165863,13954,32,55.13551627,774.7505115,4055,30442,89.76255543,5x4
2,44,34.46655491,6633.056824,14268,32,55.56589147,719.3959573,3579,30583,90.03244638,5x4
2,64,34.43147041,6679.577927,14338,32,56.0395244,713.8528026,3410,30614,90.47099482,5x4
2,36,34.39871404,6981.914291,14584,36,55.64077408,673.914109,4277,30643,90.03948812,5x4
2,48,34.39420081,6964.878021,14558,36,55.64977356,679.8151972,4401,30647,90.04397437,5x4
2,24,34.35363496,6744.71579,14485,32,55.6858006,705.1225353,3313,30683,90.03943557,5x4
2,56,34.28063293,7010.777863,14350,36,55.32465027,711.4402747,4411,30748,89.60528319,5x4
2,60,34.25935244,7017.670074,14556,36,55.34838329,702.0844339,4432,30767,89.60773573,5x4
2,64,34.24928142,7060.382233,14617,36,55.46437399,689.851764,4301,30776,89.71365541,5x4
2,52,34.24480732,7030.30159,14466,36,55.93323941,677.1295108,4187,30780,90.17804672,5x4
2,72,34.20013046,7007.363037,14712,36,54.87464115,705.2149678,4571,30820,89.07477161,5x4
2,40,34.15890804,6954.15979,14537,36,55.51508632,687.9192708,4122,30857,89.67399436,5x4
2,28,34.15112038,7076.449921,14582,36,55.72488258,686.9490172,4078,30864,89.87600295,5x4
2,24,34.13666699,6957.152588,14396,36,54.36309054,736.3503844,4841,30877,88.49975753,5x4
2,72,34.09116327,7190.64444,14907,40,55.84245834,651.0832248,4706,30918,89.93362162,5x4
2,44,33.98509107,6987.007782,14844,36,54.72916225,715.765191,4541,31014,88.71425332,5x4
2,48,33.87748772,7254.932785,15066,40,56.48418518,675.5019841,4339,31112,90.3616729,5x4
2,68,33.84577644,7093.494202,15050,36,55.45245514,694.5072545,4343,31141,89.29823158,5x4
2,68,33.84249935,7253.492874,15069,40,55.90294627,627.4342138,4390,31144,89.74544563,5x4
2,36,33.79450819,7237.416229,15170,40,55.25948927,692.1801835,4824,31188,89.05399745,5x4
2,56,33.78253165,7272.659286,15155,40,55.86966171,684.1296193,4746,31199,89.65219336,5x4
2,64,33.76947602,7311.647171,15187,40,56.70449926,650.4818638,4391,31211,90.47397528,5x4
2,44,33.73688105,7161.164963,15053,40,54.56425437,732.4540086,4997,31241,88.30113543,5x4
2,60,33.59313129,7414.184586,15126,44,55.77305884,701.2995567,4766,31374,89.36619013,5x4
2,52,33.56947112,7335.213715,15064,40,55.89991877,650.5624225,4447,31396,89.46938989,5x4
2,24,33.55980157,7251.648865,15379,40,54.97400937,677.0097966,4792,31405,88.53381094,5x4
2,60,33.52653792,7277.085724,15341,40,56.51820621,663.3260944,4345,31436,90.04474413,5x4
2,40,33.21957865,7314.639008,15653,40,55.12079462,701.8106709,4703,31725,88.34037326,5x4
2,28,33.18068477,7462.385345,15559,44,55.17972843,698.1171565,5151,31762,88.3604132,5x4
2,44,33.17543582,7463.103699,15741,44,55.44947623,665.1734716,4889,31767,88.62491205,5x4
2,32,33.17228725,7491.054535,15772,44,56.56156502,676.062004,4545,31770,89.73385227,5x4
2,32,33.15550496,7247.890289,15766,40,54.85131257,674.6033141,4841,31786,88.00681754,5x4
2,64,33.06246256,7445.532196,15848,44,55.14435303,703.3496094,5063,31875,88.20681559,5x4
2,24,33.05516676,7461.648071,15791,44,55.31279138,719.5975012,5142,31882,88.36795814,5x4
2,72,33.05412477,7481.626373,15791,44,55.28316641,719.9036768,5091,31883,88.33729118,5x4
2,40,32.9865358,7432.956436,15887,44,55.09431545,688.804083,5074,31948,88.08085125,5x4
2,68,32.96994089,7441.127823,15936,44,55.81226344,684.3342479,5041,31964,88.78220432,5x4
2,52,32.9450798,7753.106415,15956,48,55.27724522,678.0721571,5241,31988,88.22232502,5x4
2,52,32.85836049,7356.011154,16003,44,54.67118644,735.0321956,5405,32072,87.52954693,5x4
2,56,32.80695826,7425.097031,16017,44,53.52860032,731.6602183,5569,32122,86.33555858,5x4
2,24,32.79669711,7712.051834,16030,48,54.79016933,729.4073661,5393,32132,87.58686644,5x4
2,72,32.72198471,7543.787918,15600,48,55.44649764,752.2544178,5372,32205,88.16848235,5x4
2,32,32.69851565,7731.737915,16228,48,54.46636061,703.1378193,5576,32228,87.16487627,5x4
2,64,32.67813513,7751.501068,16126,48,55.34838329,733.6746342,5348,32248,88.02651842,5x4
2,48,32.65269517,7419.827728,16219,44,55.02676191,728.0069754,5266,32273,87.67945709,5x4
2,28,32.59787981,7727.861282,16201,48,55.34541555,717.4273624,5423,32327,87.94329536,5x4
2,36,32.57357647,7402.330734,16256,44,54.42328377,746.6287047,5552,32351,86.99686024,5x4
2,68,32.44958841,7680.551743,16463,48,55.66177739,698.156746,5242,32474,88.11136581,5x4
2,36,32.37244914,7753.567963,16393,48,54.16908948,750.0301959,5816,32551,86.54153861,5x4
2,56,32.35746467,7758.14888,16487,48,55.05904945,714.4860181,5346,32566,87.41651411,5x4
2,60,32.3395016,7699.983749,15830,48,55.36619643,750.3870908,5406,32584,87.70569803,5x4
2,36,32.34149651,7776.277969,16416,52,54.12080537,796.0346292,5861,32589,86.46230188,5x4
2,64,32.2668554,7934.34552,16575,52,55.25653105,709.7088139,5201,32657,87.52338645,5x4
2,44,32.25097653,7681.011551,16594,48,54.6017774,726.9718502,5403,32673,86.85275393,5x4
2,32,32.24205153,7830.839935,16578,52,54.82509162,737.0850384,5721,32682,87.06714316,5x4
2,56,32.24106017,7814.172745,16557,52,54.63067641,767.5925719,5586,32683,86.87173658,5x4
2,28,32.23114991,7874.929016,16551,52,54.88047639,737.6618304,5703,32693,87.1116263,5x4
2,60,32.20244457,7763.653473,16483,52,53.57861407,786.4547991,5977,32722,85.78105863,5x4
2,40,32.18366533,7942.150421,16583,56,55.2358324,770.8690941,5680,32741,87.41949772,5x4
2,48,32.08911467,7944.283676,16736,52,55.3751073,736.0518043,5430,32837,87.46422196,5x4
2,44,32.03813132,7911.808868,16786,52,54.7552915,754.1045387,5544,32889,86.79342282,5x4
2,52,32.01172304,7867.097504,16834,52,54.35450237,743.3696522,5747,32916,86.36622541,5x4
2,68,31.93275878,7819.710281,16827,52,53.86942226,772.8561508,6073,32997,85.80218104,5x4
2,68,31.9288694,8006.095673,16852,56,53.64265669,781.7676866,5945,33001,85.57152609,5x4
2,72,31.89002768,8130.473648,16806,60,53.59530609,820.5067119,6053,33041,85.48533377,5x4
2,60,31.87742445,7916.189209,16884,56,54.31160221,798.757766,5938,33054,86.18902666,5x4
2,44,31.79622779,7973.547409,16990,56,53.88910932,792.0627015,6038,33138,85.68533711,5x4
2,72,31.73464076,7874.25354,17070,52,53.98776087,756.5732732,5954,33202,85.72240163,5x4
2,24,31.72791915,7867.970535,17125,52,54.62200349,738.6814236,5436,33209,86.34992264,5x4
2,40,31.6933958,7888.876587,17153,52,53.1591904,764.9121869,6175,33245,84.8525862,5x4
2,48,31.68860683,8028.690475,16904,60,53.45929149,843.0711806,6002,33250,85.14789832,5x4
2,44,31.65799167,8148.011673,16922,60,53.41502794,826.4901104,6233,33285,85.07301961,5x4
2,68,31.63602353,8244.146362,16631,64,51.82987698,859.7735305,6652,33305,83.46590051,5x4
2,36,31.53801732,8110.782761,17208,60,53.05808574,818.5365513,6279,33408,84.59610307,5x4
2,64,31.53327519,8258.878159,17151,64,53.22223368,860.9989304,5968,33413,84.75550887,5x4
2,64,31.46609051,8098.077652,17377,56,53.55915318,759.6394314,5926,33484,85.02524368,5x4
2,56,31.46042604,8022.81868,17325,56,53.6928839,781.6536148,5913,33490,85.15330994,5x4
2,52,31.43778857,8244.279343,17205,64,53.11542222,836.4415148,6365,33519,84.55321079,5x4
2,52,31.42365669,7917.075027,17262,56,54.11796781,824.6343471,5986,33529,85.5416245,5x4
2,72,31.3700712,7940.928467,17332,56,54.06411062,821.108941,6142,33586,85.43418182,5x4
2,32,31.34756353,7871.372375,17345,56,53.79642466,825.0178106,6066,33610,85.14398819,5x4
2,28,31.34381539,8256.66954,17354,64,52.68705018,853.250372,6467,33614,84.03086556,5x4
2,48,31.34100487,8028.38266,17426,56,53.48422198,791.555323,6027,33617,84.82522685,5x4
2,36,31.33257635,8056.540253,17488,56,52.89223674,800.0084635,6293,33626,84.22481309,5x4
2,28,31.27743475,8182.340057,17427,60,53.68171417,837.922247,5973,33685,84.95914892,5x4
2,40,31.27463613,8301.406906,17225,68,52.85431922,880.054455,6451,33690,84.12895534,5x4
2,60,31.25040234,8164.453598,17296,64,51.9734139,882.2175719,6692,33714,83.22381623,5x4
2,36,31.24947102,8305.54866,17409,64,52.23115069,837.039016,6541,33716,83.48062171,5x4
2,40,31.24481526,8239.107925,17516,64,52.60917431,847.7174479,6505,33720,83.85398957,5x4
2,64,31.23364709,8285.543808,17347,68,52.0389211,894.0009921,6642,33732,83.27256819,5x4
2,24,31.2196981,8355.588898,17302,68,53.24969047,887.2911086,6309,33749,84.46938856,5x4
2,72,31.19183746,8297.497025,17540,64,52.76245975,846.3185144,6496,33777,83.95429721,5x4
2,52,31.19276535,8270.362671,17199,68,52.60381205,928.914078,6630,33780,83.7965774,5x4
2,32,31.13718969,8194.539856,17481,64,53.04172662,888.7148748,6512,33836,84.17891631,5x4
2,32,31.08181171,8207.093155,17757,60,53.1208893,801.8966084,6234,33896,84.20270102,5x4
2,40,31.04132623,8154.998947,17825,60,51.49117031,824.7736235,6748,33940,82.53249654,5x4
2,60,31.03948848,8166.180756,17719,60,53.22497808,841.9288814,6370,33942,84.26446657,5x4
2,68,31.03948848,8362.843796,17425,68,52.21793899,873.1262246,6659,33944,83.25742747,5x4
2,24,31.03213969,8093.477356,17727,60,53.05263158,852.1689298,6329,33950,84.08477127,5x4
2,24,31.01470023,8168.784348,17864,56,52.5716614,732.0179036,6091,33969,83.58636163,5x4
2,44,30.98079537,8220.840576,17651,64,52.67091902,866.6400515,6361,34006,83.65171439,5x4
2,36,30.92323572,8360.776779,17434,68,52.48611817,876.6876395,6580,34083,83.40935389,5x4
2,52,30.90318588,8464.667114,17579,72,52.58237392,953.4151011,6385,34091,83.48555979,5x4
2,32,30.8886205,8363.09938,17674,68,53.41779227,914.4641462,6123,34107,84.30641276,5x4
2,40,30.87406884,8367.899963,17540,72,51.98650214,960.0279948,6786,34123,82.86057098,5x4
2,64,30.86407253,8229.63472,18004,60,52.58237392,807.5097036,6467,34134,83.44644644,5x4
2,56,30.83684272,8391.494644,17855,68,52.86785495,884.1514447,6435,34164,83.70469767,5x4
2,28,30.82596425,8443.319061,17398,72,51.6173426,959.6421286,6963,34177,82.44330685,5x4
2,28,30.80604031,8442.693909,17587,68,50.82936918,909.9624101,7164,34198,81.63540949,5x4
2,72,30.8033254,8396.409332,17909,68,52.04416881,882.8402778,6799,34201,82.84749421,5x4
2,60,30.74191562,8382.650421,17582,72,52.1519806,999.2701358,6878,34269,82.89389622,5x4
2,64,30.71850007,8360.472595,17151,72,52.0100776,993.773701,6761,34295,82.72857767,5x4
2,56,30.69961354,8217.150436,18090,60,53.11815562,832.1569475,6379,34316,83.81776916,5x4
2,32,30.68075021,8384.7202,17918,72,52.39021419,928.5251736,6711,34337,83.0709644,5x4
2,36,30.61178257,8513.726685,17281,72,52.34239351,906.0872551,6660,34414,82.95417607,5x4
2,48,30.61088892,8158.723724,18010,64,51.31199046,921.0632595,6933,34415,81.92287938,5x4
2,56,30.60999533,8407.309174,17888,72,51.64316806,994.5019841,6923,34416,82.25316339,5x4
2,24,30.59570495,8528.780792,17890,72,51.75191777,960.6773158,6971,34432,82.34762272,5x4
2,72,30.5903495,8481.406876,17897,72,52.16515894,955.1133588,6728,34438,82.75550844,5x4
2,48,30.59124194,8476.30777,17874,72,51.32729985,909.499287,6788,34439,81.91854179,5x4
2,60,30.56894642,8476.717056,17939,68,51.29414103,883.2851563,6933,34465,81.86308745,5x4
2,44,30.43231948,8478.26355,17437,72,52.33443188,928.047247,6764,34616,82.76675136,5x4
2,48,30.38910303,8444.94278,18304,68,52.12564387,899.8793713,6634,34665,82.5147469,5x4
2,68,30.36798054,8472.905869,18142,72,51.65867574,939.4951017,6974,34689,82.02665628,5x4
2,64,35.81936189,5757.24295,12841,28,54.08677426,887.1597842,3521,60000,89.90613615,5x4
2,32,34.11112557,7011.487518,14751,36,55.49121015,710.3440755,4439,60000,89.60233572,5x4
2,28,33.40158634,7331.370621,15511,40,54.67408231,706.366676,4988,60000,88.07566865,5x4
2,40,33.13873965,7595.086243,15746,48,55.52404519,702.9130084,5301,60000,88.66278484,5x4
2,48,31.97609173,7657.493462,16811,48,54.79598662,754.9352524,5661,60000,86.77207835,5x4
2,28,31.53517187,8012.188721,17258,56,53.15371543,788.3918806,6129,60000,84.68888731,5x4
2,52,31.20576156,8043.770859,17546,60,52.49412602,841.2229198,6516,60000,83.69988759,5x4
2,68,31.37945894,8096.174591,17414,60,52.34770261,809.8032769,6442,60000,83.72716155,5x4
2,24,30.93235789,8249.049011,17788,64,51.29669019,872.3070281,6811,60000,82.22904808,5x4
2,56,31.09932675,8216.911514,17576,64,51.71561701,869.3417969,6826,60000,82.81494376,5x4
2,44,30.41995938,8368.842438,18319,68,50.74690265,908.7700428,7259,60000,81.16686204,5x4
2,64,52.6685202,382.4914246,3459,56,52.29995946,1347.539063,6599,20080,104.9684797,4x9
2,36,52.56025896,365.8840942,3130,56,52.15461573,1379.572917,6532,20121,104.7148747,4x9
2,56,52.43407828,353.1075134,3209,52,52.02580645,1370.586465,6544,20169,104.4598847,4x9
2,28,52.42359056,369.2371368,3542,56,52.27876823,1338.751039,6176,20173,104.7023588,4x9
2,56,52.41572753,378.5418091,3579,56,52.36363636,1336.711589,6235,20176,104.7793639,4x9
2,24,52.39477097,403.2789459,3540,64,52.12037972,1366.367978,6582,20184,104.5151507,4x9
2,72,52.31894371,347.963623,3531,48,52.16252274,1363.647306,5802,20213,104.4814664,4x9
2,48,52.31372233,363.6940308,3574,52,52.03629764,1389.418666,6457,20215,104.35002,4x9
2,68,52.29023903,434.8958893,3756,68,52.22322287,1346.093967,6784,20224,104.5134619,4x9
2,68,52.26938267,339.1156464,3451,48,51.88980495,1379.636393,5981,20232,104.1591876,4x9
2,40,52.23552655,363.7815399,3439,52,52.07305015,1377.217649,6224,20245,104.3085767,4x9
2,40,52.22251665,336.5540771,3395,48,51.84289302,1396.206396,6207,20250,104.0654097,4x9
2,52,52.19911514,389.7507172,3761,60,52.0940749,1366.901941,6265,20259,104.29319,4x9
2,60,52.14459309,337.2580872,3472,48,51.79086804,1405.057261,6100,20280,103.9354611,4x9
2,64,52.13422085,330.813797,3392,48,51.85331056,1403.251628,6258,20284,103.9875314,4x9
2,32,52.13162843,342.3572235,3284,48,51.75191777,1400.692879,5933,20285,103.8835462,4x9
2,60,52.11867022,373.9019623,3743,52,52.35832403,1364.605701,6230,20290,104.4769943,4x9
2,56,52.11089839,334.2308807,3482,48,51.99173928,1403.766834,5944,20293,104.1026377,4x9
2,52,52.06431601,386.947464,3601,56,52.18098175,1352.122768,6409,20311,104.2452978,4x9
2,28,52.06173055,371.3523102,3603,52,52.32647268,1368.994048,6220,20312,104.3882032,4x9
2,36,52.05397568,390.4718781,3979,60,52.1519806,1357.688275,6578,20315,104.2059563,4x9
2,40,52.04105604,387.7790222,3821,60,52.15988681,1355.59113,6325,20320,104.2009428,4x9
2,52,52.03330734,356.5643768,3607,52,52.20473397,1395.082806,6245,20323,104.2380413,4x9
2,36,52.02039795,341.7574768,3219,48,51.64058435,1405.008634,6040,20328,103.6609823,4x9
2,68,52.01007506,383.6101074,3657,60,52.22850782,1377.484189,6392,20332,104.2385829,4x9
2,24,51.96367269,359.6739807,3778,48,51.75970314,1406.46241,6160,20350,103.7233758,4x9
2,24,51.96367269,351.1981354,3432,52,52.10459364,1419.711759,6299,20350,104.0682663,4x9
2,52,51.96367269,439.2817993,4103,68,52.26288608,1345.610336,6524,20350,104.2265588,4x9
2,48,51.95852198,351.2633972,3920,48,51.71820824,1386.365188,6171,20352,103.6767302,4x9
2,60,51.94050253,400.8856659,3930,56,52.35832403,1366.210984,6322,20359,104.2988266,4x9
2,28,51.92249559,326.6893463,2999,48,51.55804196,1419.131231,6108,20366,103.4805375,4x9
2,52,51.92249559,355.9050598,3682,48,51.92112676,1398.041589,6134,20366,103.8436223,4x9
2,44,51.88908722,361.7865906,4007,52,52.06517024,1370.238669,6273,20379,103.9542575,4x9
2,32,51.88908722,395.1084137,3925,56,52.22322287,1358.827071,6560,20379,104.1123101,4x9
2,36,51.87624929,311.2003174,3285,44,51.49630812,1410.746047,5600,20384,103.3725574,4x9
2,72,51.85059248,396.566864,4067,60,52.32647268,1347.622861,6059,20394,104.1770652,4x9
2,44,51.84546416,424.8703156,4194,64,52.41415731,1325.883154,6341,20396,104.2596215,4x9
2,60,51.84546416,414.1029663,3989,64,52.14144272,1374.640253,6292,20396,103.9869069,4x9
2,44,51.82496104,356.7965698,3737,48,51.8871965,1394.410652,6111,20404,103.7121575,4x9
2,48,51.81983779,314.0498505,3289,44,51.44497608,1409.485414,5700,20406,103.2648139,4x9
2,72,51.81727654,363.8307037,3977,52,52.20737444,1373.039559,6106,20407,104.024651,4x9
2,64,51.81215482,371.6570129,3839,52,52.1335421,1383.106042,6066,20409,103.9456969,4x9
2,32,51.7840034,438.7022247,4070,68,52.10722399,1380.962193,6857,20420,103.8912274,4x9
2,24,51.77888824,431.9467163,4188,68,52.36894977,1337.040799,6634,20422,104.147838,4x9
2,64,51.76354884,402.4546967,4148,60,52.31586417,1340.934136,6271,20428,104.079413,4x9
2,56,51.76099316,456.4756622,4496,68,52.10196356,1343.966812,6599,20429,103.8629567,4x9
2,44,51.75843773,390.5603943,4253,60,52.32116788,1337.465588,6328,20430,104.0796056,4x9
2,24,51.74821853,396.3104095,4338,56,52.15461573,1343.134487,6350,20434,103.9028343,4x9
2,36,51.74821853,445.6509857,4174,68,52.35035756,1348.176122,6783,20434,104.0985761,4x9
2,36,51.74566436,405.287384,4106,64,52.03629764,1375.121621,6839,20435,103.781962,4x9
2,40,51.74055678,392.9260712,3857,56,52.21529745,1358.543992,6452,20437,103.9558542,4x9
2,36,51.72268818,357.2311554,3942,52,51.97079704,1383.348323,6330,20444,103.6934852,4x9
2,44,51.71758513,400.6498413,4155,56,52.11511663,1381.531328,6426,20446,103.8327018,4x9
2,28,51.71248309,392.0553284,3860,60,52.14671112,1389.25634,6713,20448,103.8591942,4x9
2,72,51.70738206,395.08284,4079,56,52.16515894,1366.84871,6084,20450,103.872541,4x9
2,48,51.70738206,411.1119537,4106,60,52.19153562,1349.0512,6510,20450,103.8989177,4x9
2,48,51.65642701,398.0466614,4099,56,52.25494862,1357.880131,6521,20470,103.9113756,4x9
2,68,51.64879241,360.0716553,3719,52,52.16252274,1416.567212,6198,20473,103.8113152,4x9
2,52,51.64624805,426.9966736,4287,64,52.30525996,1349.744978,6457,20474,103.951508,4x9
2,72,51.63861646,433.4004211,4486,68,52.00483676,1361.637432,6912,20477,103.6434532,4x9
2,68,51.62081819,454.8909149,4104,72,52.15988681,1384.721044,6584,20484,103.780705,4x9
2,72,51.61827658,425.6811829,4142,72,51.9734139,1402.295092,6809,20485,103.5916905,4x9
2,48,51.61573522,440.220932,3973,68,52.41415731,1359.539,6528,20486,104.0298925,4x9
2,72,51.61319411,403.3483429,4335,64,52.20209376,1342.576466,6464,20487,103.8152879,4x9
2,32,51.59795272,385.6586304,4002,60,51.98388396,1390.981461,6722,20493,103.5818367,4x9
2,32,51.57003353,382.3613739,3945,52,52.1335421,1387.473245,6250,20504,103.7035756,4x9
2,64,51.56496056,320.8847809,3220,44,51.2,1405.29965,5947,20506,102.7649606,4x9
2,72,51.53201056,333.4491119,3434,44,51.1670054,1401.943948,6051,20519,102.699016,4x9
2,48,51.52694506,431.5976868,4345,64,52.18625815,1342.061895,6468,20521,103.7132032,4x9
2,48,51.52441269,464.9336853,4472,72,52.0100776,1360.023344,6817,20522,103.5344903,4x9
2,32,51.52188057,424.2482147,4612,64,52.18361982,1344.35195,6449,20523,103.7055004,4x9
2,68,51.51934869,452.9359131,4537,64,52.21529745,1335.129092,6610,20524,103.7346461,4x9
2,56,51.50163253,406.7000732,4262,60,52.03629764,1376.594742,6570,20531,103.5379302,4x9
2,28,51.50163253,425.3009644,4482,64,52.39021419,1331.606631,6352,20531,103.8918467,4x9
2,68,51.49404362,377.4575958,4082,56,52.08093244,1383.962162,6466,20534,103.5749761,4x9
2,40,51.49404362,417.9247589,4564,64,52.29730962,1333.622954,6556,20534,103.7913532,4x9
2,68,51.46118416,323.841217,3077,44,51.08344056,1405.608801,6102,20547,102.5446247,4x9
2,28,51.45360716,328.9865417,3375,44,51.07333003,1428.375403,5777,20550,102.5269372,4x9
2,24,51.44350797,406.2888641,4136,60,52.17043215,1395.243071,6171,20554,103.6139401,4x9
2,60,51.44098379,412.8072052,4492,60,52.22322287,1353.209139,6448,20555,103.6642067,4x9
2,64,51.42836661,418.210083,4201,64,52.25230333,1369.024724,6355,20560,103.6806699,4x9
2,52,51.42836661,459.759079,4463,72,52.11774804,1367.89712,6839,20560,103.5461147,4x9
2,56,51.40567128,329.7621307,3498,44,51.02535963,1418.57442,5863,20569,102.4310309,4x9
2,40,51.38047773,315.1936646,3172,44,51.00518852,1432.645446,5848,20579,102.3856662,4x9
2,64,51.36789021,438.2801666,4652,68,52.26553243,1353.026057,6629,20584,103.6334226,4x9
2,60,51.36285693,326.2229614,3416,44,50.98251506,1422.540985,6002,20586,102.345372,4x9
2,44,51.35027805,449.4404449,4426,68,51.94464295,1396.304812,6557,20591,103.294921,4x9
2,56,51.33016464,478.508255,4534,72,52.27082595,1350.209635,7032,20599,103.6009906,4x9
2,64,51.30002405,453.5134125,4650,72,52.26553243,1363.731228,7007,20611,103.5655565,4x9
2,60,51.28245839,439.9242096,4644,68,52.13090909,1371.487832,6816,20618,103.4133675,4x9
2,32,51.25738543,327.2143097,3637,44,50.87697161,1429.594727,5886,20628,102.134357,4x9
2,40,51.25487949,439.7219086,4641,68,52.12037972,1379.268896,6813,20629,103.3752592,4x9
2,44,51.23984895,312.4164124,2885,44,50.8594235,1457.487599,6071,20635,102.0992725,4x9
2,56,51.15234622,282.2171173,3016,40,50.77186424,1460.371357,5761,20670,101.9242105,4x9
2,56,51.14735508,420.1234741,4397,64,52.01269841,1387.940693,6581,20672,103.1600535,4x9
2,32,51.14735508,470.6812744,4577,72,52.18098175,1372.134053,6744,20672,103.3283368,4x9
2,60,51.14236493,450.3221588,4668,72,52.04941758,1382.591161,6545,20674,103.1917825,4x9
2,48,51.11244443,298.2732544,3421,40,50.73193748,1451.902235,5598,20686,101.8443819,4x9
2,24,51.09002702,441.4885559,4743,72,52.10722399,1380.036164,6581,20695,103.197251,4x9
2,36,51.06762926,306.5143738,3035,40,50.68709487,1435.263346,5492,20704,101.7547241,4x9
2,28,51.01047968,463.9801483,5160,72,52.30260958,1360.010727,6688,20727,103.3130893,4x9
2,44,50.99559212,299.9709473,2567,40,50.61501496,1430.577288,5655,20733,101.6106071,4x9
2,24,50.99559212,315.2716522,3487,44,50.61501496,1435.088743,6315,20733,101.6106071,4x9
2,64,50.9881516,302.737793,3454,40,50.60757011,1433.327272,5645,20736,101.5957217,4x9
2,28,50.9212845,470.1768188,5038,68,52.26288608,1326.724315,6403,20763,103.1841706,4x9
2,28,50.90892094,281.7169647,2437,40,50.5282945,1457.1476,5818,20768,101.4372154,4x9
2,36,50.90150569,477.2280273,5043,72,51.99697748,1378.522879,6744,20771,102.8984832,4x9
2,52,50.85212583,315.8432007,3113,44,50.47887324,1441.145864,6302,20791,101.3309991,4x9
2,44,50.76102522,465.9257965,4977,72,52.09933374,1352.24831,6607,20828,102.860359,4x9
2,72,50.74628289,307.4479675,2765,40,50.36557041,1451.42496,5761,20834,101.1118533,4x9
2,60,50.70946452,287.7892303,2871,40,50.32873373,1467.384828,5626,20849,101.0381982,4x9
2,40,50.65311334,460.5644226,5105,72,52.19153562,1361.690259,6529,20872,102.844649,4x9
2,32,50.57004062,282.4629211,2677,40,50.18924438,1472.425347,6006,20906,100.759285,4x9
2,52,50.52617117,280.5934601,2662,40,50.14535562,1458.61573,5832,20924,100.6715268,4x9
2,24,50.46293839,290.1194305,3050,40,50.08209607,1440.421363,5880,20950,100.5450345,4x9
2,68,50.44836868,290.8750916,2958,40,50.06752037,1473.889741,5799,20956,100.5158891,4x9
2,40,50.29106774,278.6070709,3209,40,49.91015908,1465.719851,6038,21021,100.2012268,4x9
2,24,50.04141651,277.4735565,2864,36,49.66042819,1465.239056,5573,21125,99.7018447,4x9
2,52,50.0056135,253.9106903,2492,36,49.62461538,1496.985817,5570,21140,99.63022889,4x9
2,60,49.90801284,270.7500305,2925,36,49.52699007,1487.865389,5702,21181,99.43500291,4x9
2,68,49.9056371,267.9367065,2841,36,49.52461376,1503.105841,5644,21182,99.43025086,4x9
2,28,49.81552611,255.9645691,2660,36,49.43448276,1494.641199,5733,21220,99.25000886,4x9
2,48,49.77768192,259.6441956,2508,36,49.39663093,1502.97912,5898,21236,99.17431285,4x9
2,36,49.73989519,252.4989014,2542,36,49.35883703,1523.101687,5845,21252,99.09873222,4x9
2,64,49.73281656,249.8640137,2526,36,49.35175711,1507.702458,5740,21255,99.08457367,4x9
2,72,51.10646836,260.1362457,2947,36,49.3116759,1516.865668,5853,21272,100.4181443,4x9
2,56,49.58932022,254.987854,2362,36,49.20823799,1542.373264,6014,21316,98.7975582,4x9
2,44,49.57993954,245.583313,2372,36,49.19885605,1545.29472,5944,21320,98.7787956,4x9
2,40,49.53777041,247.1928101,2479,36,49.15668159,1542.662466,5888,21338,98.694452,4x9
2,32,50.99653962,275.7556305,2830,36,49.11925383,1529.741722,5974,21354,100.1157934,4x9
2,68,50.804885,235.4048157,2260,32,48.41652986,1585.360817,5806,21659,99.22141486,4x9
2,56,49.99768731,209.855545,2151,32,48.36435198,1583.855314,5794,21682,98.36203929,4x9
2,64,48.72504643,227.3785858,2292,32,48.34396515,1591.881479,5654,21691,97.06901159,4x9
2,48,50.41134135,235.5844421,2474,32,48.30098269,1573.160544,5660,21710,98.71232404,4x9
2,36,48.64817283,210.1138306,2182,32,48.26710311,1625.673255,5829,21725,96.91527594,4x9
2,60,49.88793626,215.8701172,2130,32,48.2513089,1611.010246,5670,21732,98.13924516,4x9
2,32,50.33112373,222.8940735,2258,32,48.23101724,1613.907072,5779,21741,98.56214097,4x9
2,28,49.85941418,222.2265167,2282,32,48.2265103,1580.444615,5924,21743,98.08592448,4x9
2,40,50.51977175,225.2520447,2210,32,48.17249265,1602.974795,5913,21767,98.6922644,4x9
2,72,49.78347977,217.8547974,2302,32,48.17024454,1589.966843,5885,21768,97.95372431,4x9
2,24,49.77158995,223.4450378,2201,32,48.1343033,1570.465975,5829,21784,97.90589325,4x9
2,52,50.19798482,217.089386,2215,32,48.09393346,1608.114118,5712,21802,98.29191828,4x9
2,44,49.45850611,216.4109802,2356,32,47.83982202,1623.689639,5948,21916,97.29832814,4x9
2,28,49.39452355,179.238266,2184,28,46.93701969,1701.542566,6187,22331,96.33154323,4x9
2,48,49.28727556,173.3731689,1766,28,46.83266788,1705.881867,6235,22380,96.11994344,4x9
2,52,49.28728545,173.5384979,1875,28,46.83054308,1702.168852,6233,22381,96.11782853,4x9
2,68,49.46959127,181.1201477,1747,28,46.79445099,1707.64278,6254,22398,96.26404227,4x9
2,64,49.24301069,176.7051697,1476,28,46.79232966,1723.577954,6254,22399,96.03534035,4x9
2,60,49.21056534,171.0251465,1777,28,46.77324633,1705.073692,6264,22408,95.98381167,4x9
2,56,49.17118589,166.8698578,1482,28,46.7308946,1737.245613,6285,22428,95.90208049,4x9
2,72,49.15966588,174.2934265,1704,28,46.71820404,1722.761889,6290,22434,95.87786992,4x9
2,36,49.38925374,175.7717743,1535,28,46.70552036,1708.097269,6288,22440,96.0947741,4x9
2,24,49.13644996,173.9218903,1951,28,46.69284357,1723.537032,6299,22446,95.82929353,4x9
2,32,49.01873256,168.6870575,1820,28,46.59377962,1722.335643,6347,22493,95.61251218,4x9
2,40,49.3237851,173.3871155,1813,28,46.57906137,1739.350818,6360,22500,95.90284648,4x9
2,44,48.76469955,175.5367432,1871,28,46.37814522,1736.984266,6452,22596,95.14284477,4x9
2,48,47.52712531,94.61761475,735,24,44.61410788,1961.142857,7264,23476,92.14123319,4x9
2,40,47.43634521,91.13542175,914,24,44.51597878,1966.338557,7315,23527,91.952324,4x9
2,44,47.36957626,91.77401733,704,24,44.47953116,1969.182493,7334,23546,91.84910741,4x9
2,60,47.37386925,94.18014526,855,24,44.46803378,1984.601702,7340,23552,91.84190303,4x9
2,56,47.00098953,83.29489136,803,24,44.44505684,1985.381665,7352,23564,91.44604637,4x9
2,36,47.33530249,82.2550354,531,24,44.43357727,1983.73918,7358,23570,91.76887976,4x9
2,52,46.63240146,86.30053711,697,24,44.41445783,1995.200288,7368,23580,91.04685929,4x9
2,72,48.96953387,92.24559021,753,24,44.40490428,1982.819971,7373,23585,93.37443815,4x9
2,68,47.22604494,84.8558197,718,24,44.34195378,1987.620846,7406,23618,91.56799872,4x9
2,28,47.21317634,81.40350342,660,24,44.31720407,1993.899492,7419,23631,91.53038041,4x9
2,24,48.79539084,78.77940369,559,24,44.30769231,2004.499597,7424,23636,93.10308315,4x9
2,64,48.4164681,86.63850403,761,24,44.28488073,1998.684353,7436,23648,92.70134883,4x9
2,32,47.15141431,77.40348816,486,24,44.27538283,2016.162032,7441,23653,91.42679715,4x9
2,44,38.70283837,4312.320145,9713,24,48.69978769,1341.594944,5445,27252,87.40262606,4x5
2,36,38.27199066,4307.097549,10017,24,48.9144157,1341.472036,5341,27557,87.18640635,4x5
2,48,38.20366525,4382.963974,10079,24,48.79417604,1339.595223,5342,27606,86.99784129,4x5
2,60,38.19809843,4332.246582,10001,24,48.77573008,1338.262959,5290,27610,86.97382851,4x5
2,56,38.18418849,4354.873978,10118,24,48.70438352,1340.372132,5321,27620,86.88857201,4x5
2,68,38.18001748,4393.746994,10072,24,48.33264656,1342.529514,5484,27623,86.51266404,4x5
2,24,38.15778748,4329.879059,10157,24,49.10056132,1332.134828,5211,27639,87.2583488,4x5
2,40,38.05807201,4349.766525,10173,24,48.87967041,1345.248744,5245,27711,86.93774242,4x5
2,64,38.00703179,4382.513275,10161,24,49.06555117,1345.3023,5165,27748,87.07258296,4x5
2,52,37.99876789,4405.186188,10160,24,48.96778785,1351.938647,5207,27754,86.96655574,4x5
2,72,37.97812387,4397.077652,10215,24,48.6768215,1346.847207,5393,27769,86.65494537,4x5
2,28,37.84789749,4377.686096,10375,24,48.74578512,1340.188895,5303,27864,86.59368262,4x5
2,32,37.82059513,4337.097839,10367,24,48.67223087,1344.545821,5335,27884,86.492826,4x5
2,40,35.8757356,5887.108292,12813,28,53.6928839,890.3951978,3611,29387,89.56861949,4x5
2,32,35.85242931,5879.034576,12783,28,54.21176471,892.8501829,3553,29406,90.06419401,4x5
2,64,35.78147074,5881.126953,12889,28,54.01036053,887.5980128,3581,29464,89.79183126,4x5
2,68,35.75340971,5907.105347,12859,28,54.19753216,903.7237413,3670,29487,89.95094187,4x5
2,48,35.73391494,5853.302002,12824,28,53.61479327,896.0667318,3627,29503,89.34870821,4x5
2,44,35.71687445,5887.774841,12897,28,53.93698072,901.758417,3684,29517,89.65385516,4x5
2,72,35.71565789,5846.898605,12916,28,53.77680525,875.1843378,3671,29518,89.49246314,4x5
2,36,35.71444142,5898.365173,12920,28,53.92570921,891.6524833,3574,29519,89.64015063,4x5
2,52,35.60046174,5794.814072,12991,28,54.59311366,882.0131293,3471,29613,90.1935754,4x5
2,24,35.4476184,5920.668076,13128,28,53.7152373,895.1770058,3670,29740,89.16285571,4x5
2,60,35.40333581,5923.139542,13128,28,53.82728411,904.8978175,3728,29777,89.23061991,4x5
2,56,35.24743689,5876.2715,13259,28,53.84132283,892.4852431,3631,29908,89.08875972,4x5
2,28,35.08820774,5823.666306,13453,28,53.52027377,889.398608,3566,30043,88.60848151,4x5
2,68,34.60190074,6790.963074,13959,32,55.89689158,774.7763207,3870,30463,90.49879232,4x5
2,40,34.59048624,6705.877396,13980,32,55.81829981,743.7637339,3792,30473,90.40878605,4x5
2,32,34.56995912,6692.768845,14105,32,56.19512195,730.4737413,3696,30491,90.76508107,4x5
2,60,34.55742675,6703.918442,14026,32,55.93323941,751.7133867,3860,30502,90.49066616,4x5
2,52,34.44956962,6752.797897,14082,32,55.73390929,742.218099,3868,30597,90.1834789,4x5
2,56,34.36151527,6744.002136,14272,32,55.66477916,746.233693,3794,30675,90.02629443,4x5
2,32,34.3131647,7116.499863,14203,36,56.13094785,725.9743769,4347,30718,90.44411255,4x5
2,64,34.28623745,6840.856812,14452,32,56.38544739,697.7192305,3581,30742,90.67168485,4x5
2,44,34.27615063,6752.063171,14494,32,56.46564551,732.3619792,3568,30751,90.74179614,4x5
2,28,34.26718954,6803.979553,14183,32,55.05611265,754.5906498,4020,30759,89.32330219,4x5
2,72,34.25823314,6877.177933,14489,32,56.81061148,693.4116133,3495,30767,91.06884462,4x5
2,48,34.2548757,6827.831467,14428,32,56.0182351,711.9577288,3672,30770,90.2731108,4x5
2,36,34.21687062,6737.992126,14423,32,56.00607705,743.3963449,3786,30804,90.22294766,4x5
2,36,34.2079405,7196.550369,14535,36,56.50583019,705.3635448,4211,30812,90.71377068,4x5
2,52,34.15334506,7136.35083,14383,36,55.82735681,722.4292225,4453,30861,89.98070187,4x5
2,24,34.0645832,6859.334534,14687,32,56.72319613,700.2635324,3380,30941,90.78777933,4x5
2,48,34.00382657,7087.399277,14478,36,56.05778526,732.9327257,4292,30996,90.06161183,4x5
2,72,33.97628151,7177.214401,14627,36,56.56466462,695.4547216,4151,31021,90.54094613,4x5
2,64,33.9268127,7216.024094,14817,36,57.74177668,655.242792,3787,31066,91.66858938,4x5
2,56,33.82503226,7097.186646,14609,36,55.82131848,724.0710255,4373,31159,89.64635074,4x5
2,24,33.81412448,7175.269135,14870,36,56.55536683,678.6771143,4333,31169,90.36949131,4x5
2,60,33.77600258,7166.789459,14662,36,56.02735711,735.9931641,4355,31204,89.80335968,4x5
2,40,33.77491464,7408.687302,14850,40,56.29933457,664.5356523,4513,31205,90.07424921,4x5
2,68,33.75643048,7187.515015,14803,36,56.21042313,714.4397166,4170,31222,89.96685361,4x5
2,44,33.72169159,7183.841141,14767,36,56.04561003,714.8915396,4279,31254,89.76730162,4x5
2,28,33.63191994,7196.162918,14829,36,55.89386473,704.7326079,4384,31337,89.52578468,4x5
2,24,33.62221438,7321.734177,14889,40,55.83037646,699.2221602,4748,31346,89.45259084,4x5
2,56,33.59420754,7565.302231,15203,40,57.46851512,645.2313523,4269,31372,91.06272266,4x5
2,52,33.58775105,7403.641144,15022,40,57.02403182,674.8527406,4540,31378,90.61178287,4x5
2,28,33.56409846,7411.372498,15172,40,57.55182604,666.8773872,4066,31400,91.1159245,4x5
2,68,33.54584426,7349.893509,14892,40,55.91203077,700.289078,4773,31417,89.45787503,4x5
2,48,33.54369802,7334.564728,14852,40,55.68279657,707.2133402,4796,31419,89.22649459,4x5
2,40,33.542625,7219.817261,15039,36,56.48109439,696.5777685,4132,31420,90.02371939,4x5
2,32,33.52225064,7423.780167,15130,40,57.08395089,677.3058191,4290,31439,90.60620153,4x5
2,64,33.48157609,7368.696167,15138,40,56.9516663,679.0581442,4466,31477,90.43324239,4x5
2,36,33.4666156,7346.915451,15156,40,56.95795166,666.2088914,4362,31491,90.42456726,4x5
2,60,33.42607587,7399.890503,15094,40,56.47182405,673.2665396,4525,31529,89.89789992,4x5
2,72,33.40265036,7471.06723,15310,40,57.59035876,653.5825583,3996,31551,90.99300911,4x5
2,44,33.38669723,7355.862228,15116,40,56.26557645,680.546999,4553,31566,89.65227368,4x5
2,28,33.34210945,7553.75563,15137,44,56.3024055,700.77305,4863,31608,89.64451495,4x5
2,40,33.2448559,7682.992752,15465,44,57.42056075,631.4958302,4243,31700,90.66541665,4x5
2,44,33.24169414,7629.356384,15171,44,55.80019462,696.1202102,4835,31703,89.04188876,4x5
2,52,33.23958664,7681.219498,15311,44,56.24411508,689.2808315,4649,31705,89.48370172,4x5
2,68,33.15445664,7721.823151,15596,48,55.02676191,737.1757347,5353,31786,88.18121855,4x5
2,48,33.13873965,7717.55217,15391,44,56.24105051,662.2628193,4841,31801,89.37979016,4x5
2,24,33.08750118,7630.793121,15297,44,55.67078367,694.4329737,5145,31850,88.75828485,4x5
2,64,33.00107006,7656.519836,15342,44,56.04865334,709.4806393,4787,31933,89.0497234,4x5
2,56,32.97408805,7837.553375,15521,48,55.78511593,664.3736979,4959,31959,88.75920398,4x5
2,64,32.90372788,7843.560455,15606,48,55.51210068,675.0085565,4846,32027,88.41582856,4x5
2,32,32.85218372,7660.233292,15754,44,55.13257131,655.9594339,4809,32077,87.98475503,4x5
2,36,32.83778028,7595.628494,15491,44,55.96963453,707.1268756,5112,32091,88.80741481,4x5
2,44,32.81825295,7816.829361,15737,48,55.89689158,677.0833178,5086,32110,88.71514453,4x5
2,28,32.78234227,7780.417999,15927,48,54.38027501,719.0485956,5557,32145,87.16261729,4x5
2,48,32.74753279,7777.295197,16041,48,54.061279,755.6288752,5517,32179,86.80881179,4x5
2,24,32.70667498,7868.693756,16060,48,54.42615344,708.1135603,5551,32220,87.13282842,4x5
2,68,32.66388387,7700.503067,15817,44,56.87948421,679.2998047,4573,32261,89.54336808,4x5
2,72,32.66184899,7673.826736,15866,44,56.66714247,693.0889602,4610,32263,89.32899146,4x5
2,72,32.65879715,7793.959351,15524,48,54.30874461,736.2598586,5398,32266,86.96754175,4x5
2,52,32.63237171,7814.253555,15445,48,54.58733936,761.4040024,5619,32292,87.21971107,4x5
2,60,32.59889324,7823.598816,15661,48,55.10313901,728.6011595,5209,32325,87.70203225,4x5
2,56,32.58673628,7636.48465,15811,44,55.44649764,696.9283079,5078,32337,88.03323392,4x5
2,40,32.50995225,7766.165619,15894,48,56.75750577,740.3699002,4821,32413,89.26745803,4x5
2,36,32.46666873,7824.10997,15847,48,55.42565645,710.6575676,5004,32456,87.89232518,4x5
2,40,32.46566351,8015.619019,15936,52,55.07373813,693.9632781,5207,32457,87.53940164,4x5
2,32,32.45561471,7753.08696,15945,48,56.65781096,725.3444785,4606,32467,89.11342566,4x5
2,24,32.32554411,8023.784805,16437,52,54.14067663,706.5158265,5568,32597,86.46622075,4x5
2,68,32.29169746,8056.37529,16473,52,53.79362101,736.5877821,5867,32633,86.08531848,4x5
2,64,32.27281401,8197.343658,16572,52,54.65381764,689.2072948,5207,32650,86.92663165,4x5
2,72,32.25395263,8135.746552,16169,56,53.76560058,755.4867932,5770,32669,86.01955321,4x5
2,32,32.24205153,8151.167038,16428,52,54.56425437,699.0564856,5391,32681,86.80630591,4x5
2,44,32.2044226,7976.324875,16304,52,54.22600473,747.4822979,5644,32719,86.43042733,4x5
2,72,32.14321623,8031.597076,16687,52,53.46759907,732.8336589,5626,32781,85.6108153,4x5
2,60,32.12352184,8058.663712,16509,52,53.68171417,734.7224857,5926,32801,85.80523601,4x5
2,56,32.08518711,8077.602249,16807,52,54.31731832,724.4494668,5544,32840,86.40250543,4x5
2,48,32.08126052,8089.308899,16505,52,54.11513054,716.6259146,5669,32844,86.19639106,4x5
2,52,32.06654434,8088.036133,16128,52,55.14729925,716.9929936,5375,32859,87.21384359,4x5
2,28,31.96975518,8156.920731,16857,56,53.64544462,750.2535962,5888,32958,85.6151998,4x5
2,28,31.94929921,8144.834396,16884,52,52.98454905,722.7755301,5886,32979,84.93384826,4x5
2,68,31.91429267,8204.851257,16443,56,54.02166745,752.7252604,5728,33015,85.93596012,4x5
2,36,31.8861487,8070.856522,16257,52,54.32875414,744.9573878,5557,33044,86.21490284,4x5
2,24,31.86676797,8214.600006,16226,56,53.76840131,768.1713325,5791,33064,85.63516928,4x5
2,48,31.84450923,8186.828339,16972,56,53.08264335,751.89836,6137,33087,84.92715259,4x5
2,60,31.81455748,8105.379578,16175,60,54.3430557,824.4182323,5685,33118,86.15761318,4x5
2,28,31.78273521,8319.854156,16420,60,53.2524377,809.6626984,5941,33151,85.03517291,4x5
2,52,31.77984543,8222.117279,16329,56,53.32947559,781.7766927,5706,33154,85.10932102,4x5
2,64,31.76925408,8329.212158,16705,56,53.52860032,736.7790954,5698,33165,85.2978544,4x5
2,24,31.74713131,8367.819794,16811,60,53.79642466,774.5953621,5845,33188,85.54355597,4x5
2,44,31.71928126,8245.742172,16860,56,53.04990492,756.8617622,6063,33217,84.76918618,4x5
2,60,31.66468368,8116.212112,16445,56,53.90036554,768.5601283,5689,33274,85.56504921,4x5
2,56,31.64557115,8268.422943,16702,56,54.22315613,707.6065228,5498,33294,85.86872727,4x5
2,40,31.62266655,8222.445145,17164,56,53.33498682,725.6548549,5784,33318,84.95765337,4x5
2,52,31.62075933,8381.606888,17164,60,53.233213,774.9288039,6056,33320,84.85397232,4x5
2,44,31.56840077,8341.78299,16631,60,53.90036554,785.7406374,5658,33375,85.46876631,4x5
2,32,31.51905735,8318.136368,16544,60,53.99340901,789.1867094,5772,33427,85.51246636,4x5
2,56,31.50674559,8415.672577,16546,64,53.49530967,853.3373791,6157,33440,85.00205526,4x5
2,52,31.49444344,8342.976791,16983,64,52.5475742,868.2328869,6446,33453,84.04201764,4x5
2,48,31.42648205,8394.49617,16834,64,53.21674572,844.7594401,6122,33525,84.64322777,4x5
2,64,31.42459842,8450.373444,17295,60,52.5930908,767.2645864,6172,33532,84.01768922,4x5
2,40,31.41047839,8288.106522,17348,60,52.27876823,781.9912884,6421,33542,83.68924662,4x5
2,36,31.40671519,8463.433945,16840,64,52.92206727,824.7837302,6165,33546,84.32878246,4x5
2,24,31.3888523,8533.796127,17015,68,52.92206727,874.1024926,6299,33566,84.31091957,4x5
2,48,31.37945894,8292.848389,16882,60,52.5957707,782.7571925,6235,33575,83.97522964,4x5
2,36,31.35975117,8314.599487,16954,60,52.17570641,796.592975,6422,33596,83.53545759,4x5
2,44,31.34568935,8469.732269,17105,64,53.04445244,867.5440538,6272,33611,84.39014178,4x5
2,72,31.3372583,8334.010635,16730,60,52.17043215,793.3874163,6179,33620,83.50769045,4x5
2,72,31.32976784,8324.088638,16509,64,52.64674079,875.1455233,6379,33628,83.97650864,4x5
2,56,31.31479767,8446.845245,17312,60,52.20473397,782.6514757,6393,33644,83.51953164,4x5
2,68,31.3129274,8355.198135,16577,64,52.50480696,882.6753317,6515,33646,83.81773436,4x5
2,64,31.3129274,8647.236145,16794,72,53.34325581,869.6990172,6038,33646,84.65618322,4x5
2,64,31.29143539,8481.622559,16477,68,54.36309054,901.0768849,5690,33669,85.65452593,4x5
2,32,31.20854787,8527.056458,17205,68,52.70588235,856.1416946,6413,33758,83.91443023,4x5
2,60,31.20947675,8502.200439,17333,64,53.09356515,824.0485956,6021,33761,84.3030419,4x5
2,44,31.2048329,8617.446854,17309,68,53.07991361,827.3110119,6134,33762,84.28474651,4x5
2,40,31.18998186,8428.198181,16928,64,52.83267646,836.0811942,6255,33778,84.02265832,4x5
2,28,31.1853438,8465.212219,17608,64,52.44878049,814.2609902,6297,33783,83.63412429,4x5
2,52,31.1344161,8464.410583,16661,68,54.89798958,906.0819692,5733,33838,86.03240568,4x5
2,36,31.1122452,8593.912827,17513,68,53.06081324,824.0811787,5979,33862,84.17305844,4x5
2,24,31.09471562,8493.783966,16851,64,52.96279953,845.5484871,6179,33881,84.05751514,4x5
2,28,31.08273307,8524.515961,16935,68,52.96823523,843.5428137,6095,33894,84.0509683,4x5
2,72,31.08181171,8470.663025,17439,68,51.84289302,886.6622644,6651,33895,82.92470473,4x5
2,32,31.0643164,8586.947876,17710,64,52.79754476,800.6702164,6128,33914,83.86186115,4x5
2,68,31.06247593,8484.185577,17827,60,52.48344943,771.898639,6402,33916,83.54592536,4x5
2,56,31.02571234,8567.743637,16899,68,53.15371543,886.9981244,6202,33956,84.17942777,4x5
2,40,30.96798582,8555.89505,17683,68,51.50144696,859.2845827,6704,34019,82.46943279,4x5
2,60,30.95884263,8540.348694,16912,72,53.53692946,898.5713201,6155,34029,84.49577209,4x5
2,52,30.89954324,8636.911179,17059,72,53.83289872,885.6554439,5936,34094,84.73244196,4x5
2,36,30.86588956,8581.067841,16810,72,51.80126468,959.2772507,6655,34131,82.66715424,4x5
2,24,30.80513529,8549.348282,17120,72,51.67160593,972.8310702,7054,34198,82.47674121,4x5
2,48,30.75814731,8463.093475,16993,72,54.16340452,942.3221726,6074,34250,84.92155183,4x5
2,28,30.74822591,8748.69017,17595,72,51.27375689,898.0242746,6959,34261,82.0219828,4x5
2,64,30.7437183,8558.260101,17327,64,53.68729845,814.484313,6008,34266,84.43101675,4x5
2,68,30.73921201,8520.253128,17058,72,53.47867986,928.9965278,6121,34271,84.21789187,4x5
2,68,30.70590647,8681.029953,17945,68,50.24054514,862.6589007,6995,34308,80.94645161,4x5
2,40,30.66908453,8450.252289,17099,72,54.3430557,956.3714813,5920,34349,85.01214023,4x5
2,32,30.5814279,8502.629852,17143,72,52.39021419,950.0947266,6744,34447,82.9716421,4x5
2,44,30.53423022,8771.404831,17452,72,52.66554416,856.2955574,6373,34500,83.19977438,4x5
2,72,30.50225441,8647.140457,17283,72,52.22850782,926.4575583,6659,34536,82.73076223,4x5
2,56,30.42702107,8582.253647,17394,72,52.72203494,932.9425378,6604,34621,83.149056,4x5
2,60,33.24380191,7628.080414,15168,44,56.13705335,716.5959821,4772,60000,89.38085527,4x5
2,32,32.25048442,8194.069535,16490,56,53.42802422,723.7445707,5781,60000,85.67850865,4x5
2,36,31.9128344,8200.729274,16274,56,54.47210935,739.8343409,5565,60000,86.38494375,4x5
2,48,31.12839543,8581.682658,16921,68,53.06544651,848.6196308,6171,60000,84.19384193,4x5
2,60,31.1344161,8559.555908,17306,68,52.08093244,860.4637897,6751,60000,83.21534854,4x5