network_frequency,share_tracker_ostd,WriteBandWidth,WriteAvgLatency,WriteMaxLatency,ro_tracker_ostd,ReadBandWidth,ReadAvgLatency,ReadMaxLatency,FinishTime,TotalBandWidth,Topo
2,24,38.9223000089689,4587.708541870117,12654,24,61.59030968434871,451.6053757440476,2361,27110,100.51260969331761,4x9
2,24,22.535482484418655,17348.898071289062,29323,24,57.446126447016916,582.5858599950396,4718,46690,79.98160893143557,5x4
2,24,22.50452848006181,17677.268814086914,29695,24,57.906984572230016,602.2143167162699,4488,46753,80.41151305229182,4x5
2,24,31.45853834153366,7006.713119506836,18876,24,60.393891521853604,576.2804129464286,3884,33490,91.85242986338727,9x4
2,28,24.510892940626462,15448.881301879883,25935,24,57.02403182144633,612.9278428819445,4842,42940,81.53492476207279,5x4
2,28,24.715410361570736,15074.19253540039,25077,24,56.24717999019127,652.6739521329365,5126,42585,80.962590351762,4x5
2,28,36.956190854764834,4276.141738891602,13841,24,60.663649720834556,519.448490203373,2905,28543,97.6198405755994,4x9
2,28,34.85146408747964,5811.616317749023,16391,24,60.503634232121925,603.9049789186508,4033,30245,95.35509831960157,9x4
2,32,25.78698079335022,14316.450485229492,23650,24,56.225732650615534,629.5746682787699,5434,40823,82.01271344396575,5x4
2,32,26.293279839518554,13982.903381347656,22957,24,56.155377835808714,638.9533110119048,5079,40039,82.44865767532727,4x5
2,32,37.49009155002791,4963.9027099609375,15068,24,61.8042033411173,491.24046688988096,3025,28139,99.29429489114521,4x9
2,32,37.91769725898604,4722.855422973633,14017,24,60.070534830937554,695.6404079861111,4265,27812,97.9882320899236,9x4
2,36,27.904728956542566,13628.099899291992,20615,24,57.89724029616334,619.0446273561508,4666,37737,85.8019692527059,5x4
2,36,28.141381068677706,13389.117416381836,20845,24,57.612860013395846,635.4102647569445,4597,37420,85.75424108207355,4x5
2,36,43.40178315832462,2210.705535888672,10393,24,56.24717999019127,860.6417255704365,5015,24330,99.64896314851589,4x9
2,40,27.69029259533115,13110.252548217773,21244,24,56.19512195121951,637.2605871775794,5505,38028,83.88541454655066,5x4
2,40,29.067361534623274,12556.263732910156,19146,24,56.62362170168413,669.1146298363095,5001,36233,85.6909832363074,4x5
2,36,38.01116508373813,3077.307098388672,14105,24,54.75529149647234,961.683841765873,6355,27744,92.76645658021047,9x4
2,40,41.779411529661424,2897.4515686035156,13096,24,59.15140401146132,726.1120256696429,3783,25268,100.93081554112274,4x9
2,44,28.99502267448291,12453.591613769531,19639,24,56.06387485742219,656.7162543402778,5560,36324,85.0588975319051,5x4
2,44,29.255510295184422,12975.536392211914,19488,24,57.490921243177006,644.3428354414683,4602,36001,86.74643153836143,4x5
2,40,39.806240983979954,2981.593246459961,12502,24,56.388527724665394,971.1047712053571,6215,26500,96.19476870864534,9x4
2,44,40.73242892873658,3990.3866271972656,14209,24,62.3756345177665,576.7994481646825,3323,25913,103.10806344650308,4x9
2,48,29.76879400408812,11617.232177734375,18800,24,56.89202447224825,691.2347005208334,5249,35384,86.66081847633637,5x4
2,48,30.141021587283337,11588.449981689453,18562,24,56.17371428571428,681.7471323164683,5293,34948,86.31473587299762,4x5
2,44,41.222471203365174,2594.354019165039,12361,24,56.72007912957468,1037.0068979414682,5898,25595,97.94255033293985,9x4
2,52,30.521787221656236,11110.293655395508,18078,24,56.26557645134914,688.3686290922619,5465,34515,86.78736367300537,5x4
2,52,31.96098512557913,11026.229461669922,17059,24,56.72943116240725,664.5856119791666,4962,32967,88.69041628798638,4x5
2,48,48.12119255181483,1477.7085876464844,8819,24,55.410779471762936,1093.3273344494048,5309,21961,103.53197202357777,4x9
2,56,31.26531099051822,10506.864700317383,17924,24,56.86381665932129,713.2689422123016,5275,33698,88.1291276498395,5x4
2,48,39.66169906952114,2630.2191314697266,14871,24,55.70984455958549,1042.5169425843253,6474,26596,95.37154362910664,9x4
2,56,32.41648375428942,10251.605255126953,16788,24,56.036482084690554,680.4014136904761,5259,32510,88.45296583897998,4x5
2,52,48.24964366570137,1935.0051727294922,9445,24,56.67647704810015,923.8697916666666,4526,21903,104.92612071380152,4x9
2,60,33.08436928125197,10031.720291137695,16088,24,56.561565017261216,700.6383463541666,5122,31853,89.6459342985132,4x5
2,60,30.99911310825992,10475.609329223633,18171,24,56.41318248893261,683.4625961061508,5436,60000,87.41229559719253,5x4
2,52,43.38336781133637,1552.3245544433594,11308,24,52.11511663132384,1381.9692925347222,8247,24328,95.49848444266021,9x4
2,56,42.334458388259385,1533.0138092041016,13571,24,55.44351936402213,1099.4756324404761,5471,24939,97.77797775228152,4x9
2,64,33.07915076185369,10341.060684204102,16572,24,56.0760580214049,735.9053664434524,5388,31858,89.15520878325859,4x5
2,64,32.44055316647589,10256.358627319336,16237,24,55.82131847926018,715.6404699900794,5673,32483,88.26187164573606,5x4
2,60,46.86075179128853,1251.9713287353516,9453,24,54.41180811808118,1127.0282583085318,6134,22547,101.2725599093697,4x9
2,56,40.02809589250267,1034.8550720214844,14237,24,51.486033519553075,1554.694103422619,8350,26354,91.51412941205575,9x4
2,68,32.566494813342445,10428.2275390625,16333,24,57.200997506234415,735.764663938492,4829,32357,89.76749231957686,4x5
2,68,31.60360468971337,10088.986099243164,17461,24,55.99696197037921,718.0281187996031,5544,33339,87.60056666009258,5x4
2,64,51.297513936126734,596.31884765625,5710,24,52.355668272888664,1309.5904327876983,6432,20612,103.6531822090154,4x9
2,60,42.47654541035405,2317.0487670898438,14550,24,56.079104639791375,1184.7898375496031,6286,24844,98.55565005014543,9x4
2,72,33.475162814455366,9481.592300415039,15924,24,56.5120175198467,708.8643973214286,5203,31483,89.98718033430207,4x5
2,72,33.67836839569616,9439.547561645508,16057,24,55.553928955866525,714.3688306051587,5747,31295,89.23229735156269,5x4
2,68,49.80132779386014,672.5382843017578,6579,24,52.52083651350939,1298.9103577628969,6646,21226,102.32216430736952,4x9
2,24,24.864859737734463,15444.515167236328,24862,28,57.08079411602057,625.2565724206349,4763,42330,81.94565385375503,4x5
2,64,43.39234429960687,1802.2601776123047,11730,24,52.762459745437816,1312.2140376984128,7192,24323,96.15480404504468,9x4
2,24,24.25687054686777,16283.18130493164,26692,28,57.00513613519633,633.7905660962301,5066,43388,81.2620066820641,5x4
2,72,47.76601157545587,731.93359375,10031,24,52.75167373639291,1256.2415209573412,6273,22123,100.51768531184878,4x9
2,28,24.901469994537983,15918.747177124023,26329,28,58.07967589466577,635.645740327381,4429,42268,82.98114588920376,4x5
2,28,24.83600189483657,15759.332077026367,25890,28,58.06987341772152,602.1057322668651,4222,42380,82.9058753125581,5x4
2,68,42.555844155844156,2881.5491943359375,14689,24,56.8763500110205,1057.1691003224207,5904,24798,99.43219416686466,9x4
2,32,26.838392628615306,13697.73110961914,21888,28,56.62051563357104,637.2851252480159,4993,39229,83.45890826218634,4x5
2,24,37.45660576644386,4618.97673034668,13875,28,61.649166815982795,525.6629154265873,2916,28164,99.10577258242665,4x9
2,32,25.793323985929696,14804.56802368164,23789,28,56.779360800924145,608.8763640873016,5230,40813,82.57268478685384,5x4
2,72,46.200916461050404,725.9318542480469,8167,24,51.51172771733706,1593.1727895585318,7916,22854,97.71264417838746,9x4
2,36,27.9612810325058,12999.381973266602,20904,28,56.45946832950443,629.1953125,5358,37661,84.42074936201023,5x4
2,36,28.191643813518308,13072.462226291294,20412,28,56.83475579538572,636.945699183085,4897,60000,85.02639960890403,4x5
2,28,42.70521678176352,3379.6461486816406,9606,28,59.643591817866636,578.7306547619048,3139,24724,102.34880859963016,4x9
2,24,34.74752294794048,5704.048965454102,16504,28,59.24646998048444,615.5641121031746,4363,30335,93.99399292842492,9x4
2,40,29.80687341880099,11991.30842590332,18648,28,57.07132588742674,636.4093346974206,4966,35339,86.87819930622773,5x4
2,40,29.61995423858083,12165.05093383789,18841,28,56.766870153440024,663.1512896825396,4926,35560,86.38682439202086,4x5
2,32,40.588924224970484,3157.9213104248047,10850,28,58.948715019988576,645.056144593254,3956,26004,99.53763924495905,4x9
2,28,37.415735950044606,5506.886962890625,12783,28,58.89825962910128,592.4019097222222,4454,28183,96.31399557914588,9x4
2,44,28.72181439684453,12864.389755249023,20233,28,57.2676431424767,623.1600167410714,4826,36668,85.98945753932122,5x4
2,44,29.69208551606966,12889.373046875,19108,28,57.63859727496091,639.2852957589286,4565,35474,87.33068279103057,4x5
2,36,43.669344838280196,2883.2779083251953,10122,28,58.332410285391354,722.3261408730159,3975,24182,102.00175512367156,4x9
2,48,29.567335889916535,11709.78059387207,19263,28,55.99696197037921,672.1750682043651,5609,35624,85.56429786029574,5x4
2,48,30.565382148895235,11509.11506652832,18183,28,57.11553784860558,681.1634579613095,4933,34465,87.68091999750081,4x5
2,32,37.939648310297414,4506.604034423828,14411,28,59.01274941398434,730.3449125744048,4279,27796,96.95239772428175,9x4
2,40,44.82510256192329,2509.3849029541016,9773,28,58.10910319202837,814.6173890128969,4596,23563,102.93420575395166,4x9
2,52,31.922065270336095,11162.328903198242,17439,28,56.78248432170756,668.8420603918651,4966,33007,88.70454959204365,4x5
2,52,31.25133371084553,10691.583450317383,17734,28,56.03039843665183,669.5250961061508,5496,33713,87.28173214749737,5x4
2,36,37.51076768977606,3927.6512145996094,15832,28,58.51096876594298,765.7496434771825,4835,28112,96.02173645571904,9x4
2,44,44.71231043764323,2628.5103607177734,10868,28,58.325817935243265,761.1185205853175,4047,23622,103.03812837288649,4x9
2,56,31.054196529052895,10457.170120239258,17485,28,55.7399287180041,734.7012028769841,5497,33925,86.794125247057,4x5
2,56,32.44055316647589,10184.98176574707,16660,28,55.73390928725702,673.037109375,5576,60000,88.1744624537329,5x4
2,60,33.11257776233934,9886.520217895508,16095,28,55.48822707235781,748.2224857390873,5588,31826,88.60080483469716,4x5
2,40,39.39941384233862,3118.8697357177734,14608,28,56.75126457004618,934.522941468254,5312,26772,96.15067841238479,9x4
2,48,48.11898387485742,1282.995849609375,8401,28,53.45929148539466,1127.787372891865,6001,21962,101.57827536025208,4x9
2,60,31.474591025063784,10508.090744018555,17618,28,56.51820620927558,681.5960131448413,5298,33475,87.99279723433936,5x4
2,64,33.6157471227519,9601.837585449219,15420,28,56.02431610942249,728.2839626736111,5367,31352,89.64006323217438,4x5
2,64,32.478736255226885,9823.863464355469,16412,28,55.10313901345292,732.791976686508,5859,32445,87.5818752686798,5x4
2,52,45.11055886667484,1909.0733489990234,10864,28,56.43785882224288,930.2771732390873,5088,23415,101.54841768891772,4x9
2,44,41.93968482521398,3517.7565002441406,13628,28,59.42725545512119,913.4033978174604,5719,25160,101.36694028033517,9x4
2,68,32.4174859333457,10455.046875,16412,28,56.942240856181385,745.6514291914683,5044,32505,89.35972678952709,4x5
2,68,32.543248192172804,10047.340682983398,16379,28,55.8666378003897,709.5797836061508,5617,32381,88.4098859925625,5x4
2,56,45.3309682870069,1455.5885162353516,10290,28,54.82217973231358,1065.804951016865,5511,23302,100.15314801932047,4x9
2,48,40.36089299461124,2827.490509033203,14665,28,57.64181604958954,980.3816499255952,5987,26138,98.00270904420078,9x4
2,72,33.71952278354825,9660.952362060547,15492,28,56.271711279507166,724.6170789930555,5365,31257,89.99123406305542,4x5
2,72,33.17123786023853,9331.47004699707,16082,28,55.27428510228125,760.0635230654761,5869,60000,88.44552296251977,5x4
2,60,48.46824707793131,1098.4867858886719,7504,28,54.39747035573122,1167.272708953373,5630,21805,102.86571743366252,4x9
2,24,27.120215187254292,13925.472122192383,22138,32,57.49412354481145,623.602554563492,4593,38823,84.61433873206575,4x5
2,52,41.43750246986762,1375.5563507080078,10772,28,51.65609048143329,1379.6530257936508,7909,25466,93.0935929513009,9x4
2,24,25.716780301172317,14268.771713256836,23674,32,55.82131847926018,626.1214037698413,5614,40934,81.53809878043249,5x4
2,64,47.270655335226714,1097.424789428711,10103,28,54.47210934613964,1172.4429873511904,6043,22353,101.74276468136635,4x9
2,28,26.84320200701431,13746.082214355469,22034,32,56.45638024394246,645.5108816964286,5028,39222,83.29958225095677,4x5
2,56,43.16904075751338,1086.0941314697266,12232,28,51.71561701488051,1538.9467385912699,8451,24448,94.8846577723939,9x4
2,28,25.938800247371677,15058.966766357422,24020,32,57.02088167053364,596.7502635168651,4903,40585,82.95968191790531,5x4
2,68,50.49939950931968,638.9438323974609,7529,28,52.379579823404036,1284.745876736111,6427,20935,102.87897933272372,4x9
2,32,26.524068499734398,14260.149383544922,22559,32,56.74814448292924,638.4957527281746,4984,39692,83.27221298266363,4x5
2,60,44.3428764748171,3263.738311767578,13930,28,61.00786098469177,943.9174262152778,5692,23805,105.35073745950888,9x4
2,32,26.306472654290015,14540.628936767578,23489,32,57.21367995122222,601.7638578869048,4866,40020,83.52015260551224,5x4
2,72,49.70216577969647,670.5980224609375,7588,28,52.54489920586439,1284.6570405505952,6498,21268,102.24706498556085,4x9
2,36,28.34218990728978,12894.645050048828,20122,32,56.65781095619717,637.7941468253969,4930,37156,85.00000086348695,4x5
2,36,27.533965286348238,13461.982452392578,21078,32,56.6733651787185,640.6382068452381,5291,38243,84.20733046506673,5x4
2,64,43.39952816522495,2285.4046783447266,11207,28,55.02969558031668,1110.6755797371031,6432,24321,98.42922374554163,9x4
2,40,28.319226510384315,12964.3466796875,20531,32,57.57108595013664,628.5148034474206,4656,37186,85.89031246052096,4x5
2,24,41.55749291247484,4259.587692260742,11236,32,61.35600071330916,516.4835379464286,2939,25402,102.913493625784,4x9
2,40,27.647946000105467,13017.910415649414,21114,32,55.622783855149,655.8256448412699,5640,38086,83.27072985525447,5x4
2,68,42.26424828698106,944.2530822753906,13231,28,51.40654415060511,1589.5049603174602,7833,24968,93.67079243758616,9x4
2,44,29.76034512118976,12278.937866210938,18824,32,56.96738230586677,676.6197451636905,4947,35393,86.72772742705654,4x5
2,28,41.125493167989134,3711.071090698242,11255,32,61.49857006673022,564.9214719742064,2957,25667,102.62406323471936,4x9
2,44,29.48088169140801,12340.608383178711,18997,32,57.58072074082339,647.0726996527778,4783,35728,87.0616024322314,5x4
2,48,31.19369329168526,11402.14924621582,17454,32,56.53058765540281,714.9276723710317,5248,33774,87.72428094708808,4x5
2,72,43.763606010016694,1027.4927368164062,13482,28,52.83267646005016,1545.6605127728174,7510,24118,96.59628247006685,9x4
2,48,30.243604164864006,11757.673828125,18641,32,56.99254596653967,661.2689422123016,5046,34831,87.23615013140368,5x4
2,32,38.94977472639488,3846.49267578125,12150,32,60.025122121423585,556.1904916914683,3618,27091,98.97489684781846,4x9
2,52,32.2460175902577,10621.825561523438,16563,32,55.98784985897158,711.1218687996031,5336,32677,88.23386744922928,4x5
2,24,38.178627343892224,4735.327819824219,13846,32,60.30567889693854,696.3371775793651,4209,27623,98.48430624083076,9x4
2,52,29.676119318503424,11271.521621704102,18836,32,55.52404518558365,701.327892485119,5746,35494,85.20016450408707,5x4
2,36,44.40927108316716,3458.7545318603516,10623,32,60.425711275026345,588.4759114583334,3272,23782,104.83498235819351,4x9
2,56,31.179779958370503,10702.431701660156,17815,32,55.97874071261999,710.4592943948413,5332,33793,87.1585206709905,4x5
2,56,32.84086567070688,10057.062255859375,16343,32,56.01519509415532,678.6112661210317,5477,32089,88.8560607648622,5x4
2,28,38.283169039795546,4477.0115966796875,12590,32,59.08706852138073,674.8707217261905,4553,27548,97.37023756117628,9x4
2,60,32.81311803730129,10020.864624023438,16521,32,56.54916999945215,700.5347997271825,5136,32118,89.36228803675343,4x5
2,40,44.758123420872,3124.105758666992,10094,32,59.97977802312743,676.4281218998016,3642,23598,104.73790144399943,4x9
2,60,31.909436718298288,10017.838333129883,17119,32,56.502737026494415,711.7305307539683,5406,33025,88.41217374479271,5x4
2,64,32.4747127504723,9876.73258972168,16507,32,55.966599793959766,745.3681950644841,5457,32450,88.44131254443207,4x5
2,44,45.14746883663885,2209.64453125,10167,32,57.175649476541295,879.3135230654761,4797,23396,102.32311831318015,4x9
2,32,36.07817230938618,4270.5633544921875,16022,32,59.02287282708143,717.8300006200396,4349,29222,95.1010451364676,9x4
2,64,32.45963348192174,9630.869491577148,16422,32,55.41672930312466,745.5417286706349,5802,32468,87.87636278504641,5x4
2,68,33.198543612474275,10344.173095703125,15513,32,56.77311479016556,721.1497860863095,5224,31744,89.97165840263983,4x5
2,48,45.78630963039069,1900.3076782226562,10140,32,55.93627052511787,983.3187003968254,5105,23072,101.72258015550855,4x9
2,68,32.45461017054072,9498.196792602539,16668,32,54.6364598771967,745.6604352678571,6009,32471,87.09107004773742,5x4
2,36,40.25243761996161,3000.7696380615234,11024,32,56.08519886981091,950.6907242063492,5449,26208,96.33763648977252,9x4
2,72,33.53297089862488,9442.253280639648,15797,32,55.60180995475113,747.9198443700396,5600,31430,89.13478085337601,4x5
2,72,32.01074579479195,9598.849533081055,16887,32,55.79717822585005,746.7148902529761,5713,32917,87.80792402064199,5x4
2,52,46.67715070661645,1379.2284545898438,10510,32,54.65671167593328,1063.5727926587301,5955,22635,101.33386238254974,4x9
2,24,28.38899718431882,13079.795272827148,20251,36,57.296253122398,637.2983010912699,4741,37095,85.68525030671682,4x5
2,40,37.99739092622119,3831.4004669189453,15767,32,59.80254924681345,862.3807353670635,5312,27754,97.79994017303464,9x4
2,24,27.988896006833226,13032.163787841797,20831,36,57.18515235457064,637.5831318204365,4944,37624,85.17404836140386,5x4
2,56,50.16113102817079,827.8707427978516,6799,32,52.633318035796236,1247.2225942460318,6304,21075,102.79444906396702,4x9
2,28,28.46761144594668,12908.459716796875,20264,36,56.50583018558056,661.9806392609127,4997,36993,84.97344163152724,4x5
2,44,39.066204686859656,2409.031005859375,12685,32,51.9472571716155,1090.044208829365,8097,26999,91.01346185847515,9x4
2,28,28.006837606837607,12979.481918334961,20846,36,56.41318248893261,625.0864955357143,5222,37600,84.42002009577021,5x4
2,60,50.182740498762314,723.9707183837891,7081,32,52.62795084892672,1280.9253782242063,6453,21066,102.81069134768904,4x9
2,32,28.444444444444443,13156.128356933594,20202,36,57.18515235457064,654.563228546627,4803,37023,85.62959679901508,4x5
2,32,27.466170731068445,13415.928695678711,21250,36,56.76374835019798,643.3177083333334,5274,38337,84.22991908126642,5x4
2,48,42.609451826567515,1701.115966796875,11554,32,52.90850376749193,1304.5294828869048,7011,24767,95.51795559405944,9x4
2,64,50.192350685542245,681.9241027832031,7915,32,52.69780977178741,1275.8873542906747,6463,21062,102.89016045732966,4x9
2,36,27.86172445861565,13904.940490722656,21351,36,58.177882989516405,630.8085472470239,4381,37794,86.03960744813206,4x5
2,36,26.92038715308978,13309.232162475586,22224,36,56.036482084690554,654.8204365079365,5559,39111,82.95686923778034,5x4
2,52,43.13529968324489,1750.078369140625,12038,32,53.63986904328847,1301.8347594246031,6715,24467,96.77516872653337,9x4
2,40,28.788842215083875,12457.017196655273,20140,36,56.16760080535452,651.4835689484127,5119,36582,84.9564430204384,4x5
2,68,50.78807506962301,659.5347747802734,6410,32,52.46744268794795,1275.090572296627,6593,20817,103.25551775757097,4x9
2,40,28.258172312501685,12310.751220703125,20298,36,55.990886899918635,671.1052052331349,5511,37267,84.24905921242032,5x4
2,44,29.53652009802541,13231.313598632812,19437,36,58.319227074975984,640.6498325892857,4374,35660,87.85574717300139,4x5
2,56,42.778067885117494,2029.7059478759766,13807,32,54.426153440548376,1222.7245318700398,6591,24670,97.20422132566587,9x4
2,72,47.15371902789074,724.1127166748047,8814,32,52.83538083538083,1267.1185825892858,6450,22408,99.98909986327158,4x9
2,44,28.77620132275858,12896.616195678711,19989,36,57.1218594355285,611.2361731150794,4829,36599,85.89806075828707,5x4
2,48,30.921411931231752,10984.16975402832,17943,36,55.86059097304903,700.3823939732143,5353,34070,86.78200290428077,4x5
2,60,42.61811087628028,2300.0860595703125,15388,32,56.241050509453494,1175.7859778025793,6531,24762,98.85916138573377,9x4
2,24,43.87769958971234,2853.6289825439453,10213,36,58.49770473221876,716.7772662450396,3773,24068,102.3754043219311,4x9
2,48,29.80687341880099,11864.642471313477,18835,36,56.64226526916534,682.5545634920635,5394,35339,86.44913868796633,5x4
2,52,31.677119207298652,10646.404815673828,17217,36,55.924148019721514,675.4231925843254,5381,33261,87.60126722702017,4x5
2,52,30.07186899538272,11382.15641784668,18772,36,56.379287743063145,683.0565631200396,5464,35029,86.45115673844586,5x4
2,64,42.34788578813457,2126.348190307617,11399,32,52.598450876477784,1146.9597904265872,6954,24919,94.94633666461235,9x4
2,28,39.42285169160268,3040.454559326172,13354,36,58.958816473410636,752.4610460069445,4453,26768,98.38166816501331,4x9
2,56,31.019287658265295,10961.658615112305,17999,36,56.704499258364,673.4931640625,5061,33963,87.7237869166293,4x5
2,56,32.491819533961326,10072.637237548828,16372,36,55.54496044772104,727.514632936508,5747,32432,88.03677998168237,5x4
2,32,41.91638527863658,3282.4791259765625,11326,36,60.51072810411537,664.1301773313492,3708,25186,102.42711338275195,4x9
2,68,42.376980278047206,1982.107681274414,14102,32,54.512384473197784,1271.921394469246,7129,24902,96.88936475124498,9x4
2,60,33.19433980182975,10221.637786865234,15874,36,56.2747791952895,701.6669301835317,5263,31748,89.46911899711924,4x5
2,60,30.8377496103285,10480.081420898438,17834,36,55.89689158453374,699.6353701636905,5547,60000,86.73464119486223,5x4
2,64,33.478369145301876,9651.84716796875,15629,36,55.440541411537225,725.4601469494048,5641,31480,88.91891055683911,4x5
2,36,43.34615460875844,2752.5658416748047,10291,36,57.8874992989737,782.0815042162699,4568,24361,101.23365390773213,4x9
2,72,45.10780349307408,1530.335693359375,10308,32,52.19153562218739,1278.9200613839287,7409,23408,97.29933911526146,9x4
2,64,32.590787592465965,9841.022018432617,16569,36,55.41375422773393,719.5380549355159,5732,32335,88.0045418201999,5x4
2,68,32.09206096590561,10572.696243286133,16549,36,56.53058765540281,722.9762679811508,5263,32833,88.62264862130843,4x5
2,40,44.28359012228316,2692.5843353271484,10257,36,59.19889883000688,792.3736204117064,4068,23849,103.48248895229004,4x9
2,24,37.26547729049684,3809.903854370117,15247,36,57.41417287796195,880.1227368551587,6088,28296,94.67965016845879,9x4
2,68,32.790543498655325,9608.77311706543,16235,36,55.75197148104137,765.4811507936508,5802,32138,88.5425149796967,5x4
2,72,33.44206665603572,9238.46353149414,16196,36,54.69436201780415,770.6736111111111,5811,31514,88.13642867383987,4x5
2,44,44.04359992462032,2954.367630004883,11232,36,60.69218557064738,696.1280226934524,3454,23978,104.73578549526769,4x9
2,72,33.181734755229265,9325.197814941406,16273,36,55.538983050847456,733.6764322916666,5711,31762,88.72071780607672,5x4
2,24,29.3784601591393,12357.38330078125,19083,40,56.48727630930882,652.1199156746031,5009,35851,85.86573646844812,4x5
2,28,38.543503032530786,4074.6691131591797,13181,36,58.428167100645304,766.5893942212301,5256,27363,96.97167013317609,9x4
2,48,42.726101715912485,2224.8738708496094,11719,36,57.55503512880562,886.373790922619,4762,24712,100.2811368447181,4x9
2,24,27.688830208608397,13126.3193359375,21206,40,56.20430166076776,636.0947730654761,5449,38030,83.89313186937616,5x4
2,28,29.411421519129362,12634.118927001953,19183,40,56.88575365114357,643.8797433035714,4875,35811,86.29717517027294,4x5
2,32,38.542086304491654,3291.251922607422,11919,36,54.909671241621446,888.824203249008,6277,27364,93.4517575461131,9x4
2,28,29.257142857142856,12142.916458129883,19447,40,56.11874082531398,661.1267361111111,5392,36000,85.37588368245683,5x4
2,32,28.32840740240443,12914.128295898438,20575,40,57.433340752281325,654.9095517113095,4772,37174,85.76174815468576,4x5
2,52,45.89856353648871,1157.9784545898438,11343,36,54.030150753768844,1155.9513268849207,5800,23016,99.92871429025755,4x9
2,36,38.73429130804182,2822.4541778564453,12390,36,54.20322428188836,1052.3115854414682,6931,27229,92.93751558993017,9x4
2,32,27.581040559734863,13085.613372802734,21133,40,55.622783855149,658.7098214285714,5650,38178,83.20382441488387,5x4
2,36,28.861743414714706,12666.992965698242,19869,40,56.857552054643605,651.1615203373016,5040,36490,85.71929546935831,4x5
2,56,49.82499614617856,866.7129821777344,6839,36,52.90850376749193,1247.9993489583333,6581,21216,102.7334999136705,4x9
2,36,28.375937001055394,12230.831924438477,19818,40,56.1828870019595,697.0490141369048,5464,37113,84.55882400301489,5x4
2,40,40.77999455528332,3186.164306640625,13717,36,58.13528583497607,915.3377046130952,5431,25871,98.91528039025938,9x4
2,40,29.037578577164854,12787.798522949219,19330,40,56.964238410596025,680.8492373511905,4950,36270,86.00181698776088,4x5
2,60,48.64817282975412,1255.097412109375,9657,36,54.81635687732342,1106.467556423611,5515,21725,103.46452970707753,4x9
2,40,27.869129568106313,13238.974517822266,21352,40,56.87948421226649,642.9200148809524,5017,37785,84.7486137803728,5x4
2,44,30.17224412280954,11956.306732177734,18451,40,56.77623762376238,684.5254216269841,4952,34912,86.94848174657191,4x5
2,44,42.17245817245817,4209.304992675781,13076,36,60.461105904404874,763.4542100694445,4748,25022,102.63356407686305,9x4
2,64,51.63098712724819,673.5441131591797,6731,36,52.66285714285714,1268.3111514136904,6424,20480,104.29384427010532,4x9
2,44,29.238379388227422,12531.453506469727,19457,40,56.83250743310208,614.3752945188492,4960,36023,86.07088682132951,5x4
2,48,31.25319662603201,11219.723876953125,17579,40,57.08710801393728,670.9250062003969,4840,33710,88.34030463996929,4x5
2,68,49.441985747202956,616.1500396728516,6152,36,52.49946594781547,1298.1675967261904,6737,21379,101.94145169501843,4x9
2,48,41.028915756935476,3989.206008911133,14397,36,58.564085106382976,846.0108661954365,5067,25715,99.59300086331845,9x4
2,48,29.100435711708712,12229.470443725586,19178,40,56.25331080712846,690.5559740823413,5448,36193,85.35374651883717,5x4
2,52,32.07341021013673,10933.391860961914,16836,40,56.3515859583993,682.8196459573413,5148,32852,88.42499616853603,4x5
2,72,50.125156572028665,699.2998352050781,7605,36,52.660170399469415,1279.3741164434523,6227,21090,102.78532697149808,4x9
2,56,31.996094226778958,10939.665512084961,16747,40,57.15665319231408,665.522956969246,4806,32931,89.15274741909303,4x5
2,52,30.806945382965598,10695.346267700195,17969,40,55.94536585365854,691.3421843998016,5583,34197,86.75231123662414,5x4
2,52,44.43992371265099,1944.8035706111239,9682,36,54.00188343622476,1197.657722594246,6675,60000,98.44180714887574,9x4
2,24,45.99118470469963,2666.8115997314453,9120,40,58.687286786445306,754.1797650049604,4207,22970,104.67847149114493,4x9
2,60,32.92956065697327,10007.252487182617,16024,40,55.96053130929791,725.4285869295635,5428,32005,88.89009196627119,4x5
2,56,32.88102853559109,9932.205459594727,15995,40,55.92111821432441,690.2704458085317,5558,32050,88.8021467499155,5x4
2,56,38.547753841629294,2010.6641235351562,17269,36,53.94261823882937,1325.6334325396826,7063,27360,92.49037208045866,9x4
2,64,33.244855901842044,10320.486022949219,15950,40,56.1828870019595,729.216564360119,5309,31700,89.42774290380154,4x5
2,60,32.31856988750193,10178.278701782227,16807,40,56.36697247706422,706.3744884672619,5422,32605,88.68554236456615,5x4
2,28,45.668634593144056,2550.5474243164062,9240,40,57.74177668382188,789.9760199652778,4518,23131,103.41041127696593,4x9
2,68,33.17333670789965,10368.320755004883,15545,40,56.52749178532311,742.5489676339286,5145,31768,89.70082849322276,4x5
2,64,32.7424199843872,10801.833740234375,16857,40,57.39820942000779,723.9847780257936,4981,32185,90.14062940439499,5x4
2,60,40.24471310688927,2136.456512451172,16735,36,55.90294627383015,1245.3640873015872,6567,26213,96.14765938071943,9x4
2,32,44.31728521714067,2755.8607635498047,9843,40,58.75075416927543,754.5440073164683,4428,23831,103.0680393864161,4x9
2,72,33.6049738807166,9234.311630249023,15285,40,56.33005893909627,738.5813337053571,5260,31362,89.93503281981288,4x5
2,68,32.67406207154431,9580.558395385742,16048,40,54.97693741677763,754.1100570436508,5935,32254,87.65099948832194,5x4
2,36,47.264262038127235,1523.0254211425781,7917,40,54.5527192008879,1033.4928230406747,5512,22356,101.81698123901513,4x9
2,64,44.77458473888723,1501.4864349365234,10497,36,53.224978084875985,1350.0089285714287,6974,23577,97.99956282376321,9x4
2,72,33.677286742034944,9752.12484741211,16145,40,56.10348950972932,711.6154978918651,5506,31296,89.78077625176427,5x4
2,24,30.46680419560101,12004.427551269531,18333,44,57.052398850320586,669.3281560019841,4918,34576,87.5192030459216,4x5
2,40,45.82233131469049,1813.9252166748047,8776,40,54.99158231220032,994.2925502232143,5248,23054,100.81391362689081,4x9
2,68,41.93297608573942,1493.6456298828125,11072,36,51.71561701488051,1376.0260416666667,7631,25164,93.64859310061993,9x4
2,24,29.114171479342513,12408.956420898438,19400,44,56.41318248893261,648.2391183035714,5401,36176,85.52735396827512,5x4
2,28,29.61995423858083,11898.085494995117,19011,44,56.61430451952611,701.4781591021825,5045,35560,86.23425875810693,4x5
2,44,46.59417043457031,1699.9322357177734,8937,40,55.07961579509072,1015.850353422619,5561,22675,101.67378622966103,4x9
2,28,28.84189679832765,13084.572570800781,20039,44,57.79350503919373,612.087890625,4362,36516,86.63540183752139,5x4
2,32,30.32494649777315,12120.913467407227,17947,44,57.01458241272647,663.9089161706349,4861,34737,87.33952891049962,4x5
2,72,43.49674368440702,753.8068695068359,11791,36,51.48860178580336,1619.9447079613096,8086,24265,94.98534547021038,9x4
2,32,29.174113850091814,12286.458404541016,19676,44,56.904570262969294,661.570560515873,5237,36102,86.07868411306112,5x4
2,36,29.928530654184268,12972.220031738281,19006,44,58.36209431188511,632.5101376488095,4314,35195,88.29062496606937,4x5
2,48,46.53212859335339,2083.914764404297,9069,40,57.02403182144633,912.6123976934524,4672,22705,103.55616041479972,4x9
2,24,38.577535778668924,2122.4271392822266,12747,40,52.36363636363637,1168.3212115575398,7564,27339,90.94117214230529,9x4
2,36,28.459884920204104,12908.52473449707,20346,44,56.38544739429695,626.653335813492,5270,37004,84.84533231450106,5x4
2,40,29.796709385922536,12694.049942016602,18720,44,57.10605809128631,663.7243303571429,4955,35350,86.90276747720884,4x5
2,52,46.457896132445086,1863.29931640625,10590,40,56.552268244575934,966.4449094742064,4750,22741,103.01016437702103,4x9
2,28,40.00366244468182,3068.231643676758,12474,40,55.89386473168354,948.0273902529761,5821,26370,95.89752717636537,9x4
2,40,29.154646054607127,12573.528198242188,19603,44,56.71073017966046,615.6223803323413,4998,36126,85.86537623426759,5x4
2,44,29.08913363109274,12931.314407348633,19541,44,56.90770757525637,646.7217261904761,4835,36206,85.9968412063491,4x5
2,56,48.39888312976108,912.2364654541016,9765,40,53.090834276309025,1207.9607669890872,6348,21836,101.4897174060701,4x9
2,44,28.692734984265975,12045.507919311523,20292,44,55.73390928725702,661.8164372519841,5624,36705,84.426644271523,5x4
2,48,30.701411254904258,11410.587799072266,18151,44,56.16148865553077,676.9912574404761,5153,34313,86.86289991043503,4x5
2,32,41.20141453831041,3448.049850463867,11786,40,57.88425302826379,941.6342540922619,5520,25608,99.0856675665742,9x4
2,60,48.70919966054097,906.32421875,8271,40,53.373597393867314,1234.326915922619,6624,21698,102.08279705440827,4x9
2,48,29.010264213584176,12062.373352050781,19517,44,56.079104639791375,688.3502604166666,5536,36305,85.08936885337555,5x4
2,52,32.293686479827535,10739.862258911133,16435,44,56.632941951058925,700.3370845734127,5101,32629,88.92662843088647,4x5
2,36,38.34616931797404,4232.262847900391,15633,40,60.35151727767058,803.7464192708334,5074,27503,98.69768659564463,9x4
2,64,47.622806914010596,873.7047882080078,8225,40,53.208515902881594,1244.2067212301588,6567,22189,100.8313228168922,4x9
2,56,31.19740561125822,11181.600860595703,17616,44,57.35674594354301,662.1030660962301,4790,33770,88.55415155480122,4x5
2,52,30.29165703720823,11096.402145385742,18725,44,56.04561003420753,671.1102740575396,5513,34776,86.33726707141575,5x4
2,40,39.96706815063272,3280.532516479492,14170,40,57.32489170276575,990.935314360119,5537,26394,97.29195985339847,9x4
2,68,51.33267795353733,614.1602630615234,6131,40,52.411495887072206,1309.9494047619048,6454,20598,103.74417384060953,4x9
2,56,32.504913357512635,10162.695037841797,16487,44,55.81528145784892,691.2780257936508,5569,32422,88.32019481536156,5x4
2,60,32.956469811735865,9931.485977172852,16112,44,55.788131012863474,698.5440848214286,5325,31976,88.74460082459933,4x5
2,72,49.325675316068725,711.3213958740234,8235,40,52.59041116828858,1273.4016772073412,6529,21429,101.91608648435731,4x9
2,60,31.946379063461595,10266.525009155273,17157,44,56.20736223045088,718.6108010912699,5447,32983,88.15374129391247,5x4
2,64,32.58876181004475,9832.119171142578,16509,44,55.422680412371136,733.2941468253969,5564,32335,88.0114422224159,4x5
2,44,38.2705938172926,3303.769027709961,15078,40,54.601777401608125,927.7223462301587,6389,27557,92.87237121890072,9x4
2,68,31.791407694873115,10501.72981262207,16928,44,56.81686574558265,741.772476438492,5023,33142,88.60827344045578,4x5
2,64,31.98438262567106,9903.813903808594,17055,44,56.44403127905069,734.1410900297619,5387,32948,88.42841390472175,5x4
2,24,43.2014734383964,2745.256591796875,11559,44,58.81771041084962,753.025638640873,3902,24442,102.01918384924602,4x9
2,48,41.92626949220312,1615.3383026123047,12715,40,52.75706618962433,1322.6696118551588,7210,25168,94.68333568182746,9x4
2,72,33.59958984875673,9448.328216552734,15487,44,56.33005893909627,737.9127449156746,5337,31367,89.929648787853,4x5
2,68,32.4204928423461,9315.029846191406,16727,44,54.21461211198067,732.2288256448413,6233,32503,86.63510495432678,5x4
2,28,44.961592213103515,2342.718231201172,10836,44,57.04924556458299,855.1092664930555,4948,23492,102.0108377776865,4x9
2,52,44.879986303715114,2098.031509399414,10037,40,53.84974958263773,1180.641136532738,6877,23522,98.72973588635284,9x4
2,72,33.00314742540602,9198.055862426758,16298,44,55.144353029169785,769.6360057043651,5836,31933,88.1475004545758,5x4
2,24,30.111592912730092,11959.144577026367,18728,48,57.18515235457064,664.0491691468254,4816,34982,87.29674526730074,4x5
2,32,46.808445674274395,1694.038803100586,7179,44,55.18267842822775,990.3284815228175,5441,22572,101.99112410250214,4x9
2,24,30.435852780680367,11152.51513671875,18604,48,56.70138431114041,678.5429067460317,5262,34614,87.13723709182078,5x4
2,56,39.658698940998484,1883.0733337402344,15634,40,53.84132283135987,1255.244156125992,7025,26598,93.50002177235835,9x4
2,28,30.531563009550432,11233.691040039062,18403,48,56.30547676194632,710.3498883928571,5275,34503,86.83703977149676,4x5
2,36,45.96698664075924,2151.906494140625,10011,44,57.06186079938083,892.9503038194445,4936,22982,103.02884744014007,4x9
2,28,30.201791526253636,12083.766632080078,17970,48,56.47491382612026,666.4819878472222,5393,34879,86.67670535237389,5x4
2,32,31.183488966870875,11491.323638916016,17472,48,57.53257900897386,680.0060143849206,4690,33785,88.71606797584474,4x5
2,60,43.8404548875324,810.3076019287109,11435,40,51.245755138516536,1566.0180121527778,7783,24076,95.08621002604895,9x4
2,40,44.55459434292035,1705.278091430664,11044,44,55.40185711985401,1009.8786892361111,5365,23705,99.95645146277437,4x9
2,32,30.338107224488613,11631.121536254883,18507,48,57.09658148025224,657.7743365575396,5053,34723,87.43468870474085,5x4
2,36,29.922552292897297,13018.196304321289,18823,48,58.168047337278104,641.2350260416666,4444,35202,88.0905996301754,4x5
2,64,42.013622886449234,1350.9532928466797,11546,40,51.848101265822784,1470.9219525049602,8092,25116,93.86172415227202,9x4
2,36,29.700495680498513,12003.252227783203,18850,48,56.3762084220875,646.7388082837301,5386,35465,86.076704102586,5x4
2,40,30.723000292997362,11666.313201904297,17977,48,56.81686574558265,656.4540550595239,4943,34289,87.53986603858002,4x5
2,44,43.00300421140325,2267.677200317383,11991,44,57.14715978296977,887.4319971478175,4742,24554,100.15016399437303,4x9
2,68,44.56525989204811,844.3923492431641,11799,40,52.170432145564824,1626.6664031498017,7900,23687,96.73569203761294,9x4
2,40,29.230228862933124,12219.746307373047,19269,48,56.558465753424656,667.2860863095239,5356,36033,85.78869461635779,5x4
2,44,30.701411254904258,11410.587799072266,18151,48,56.16148865553077,676.9912574404761,5153,34313,86.86289991043503,4x5
2,48,45.87044848849126,1602.5106353759766,9478,44,55.259489266020665,1058.4132254464287,5551,23030,101.12993775451193,4x9
2,44,30.323192596876808,12260.665100097656,18027,48,57.90048802378415,647.9110708085317,4553,34740,88.22368062066096,5x4
2,72,43.35646061608435,759.4335021972656,11270,40,51.12392273402675,1666.930679563492,8276,24343,94.4803833501111,9x4
2,48,30.952445612067184,11936.32014465332,17590,48,57.00828454655915,668.1881355406746,4897,34036,87.96073015862633,4x5
2,52,46.689623246838934,1424.2857513427734,9524,44,54.48361045130641,1096.2618427579366,5694,22629,101.17323369814534,4x9
2,48,29.65933133450246,11583.599182128906,19052,48,56.26250953886406,677.120613219246,5537,35514,85.92184087336652,5x4
2,52,32.33052754910123,10585.070220947266,16788,48,56.25024523160763,677.2637183779761,5059,32592,88.58077278070886,4x5
2,24,40.22001457558206,1728.6564331054688,13271,44,52.470109800732004,1343.7947668650793,7068,26229,92.69012437631406,9x4
2,56,46.33674820941061,1228.1202239990234,10234,44,54.72335913476831,1118.3401692708333,6004,22800,101.06010734417892,4x9
2,52,29.795016054328986,11216.750778198242,18864,48,55.782101167315176,702.352771577381,5696,35353,85.57711722164416,5x4
2,56,30.537787226606866,11042.553756713867,17906,48,55.7399287180041,686.5199962797619,5595,34497,86.27771594461097,4x5
2,28,42.58176649746193,3019.493194580078,11849,44,57.47491508435882,921.1950179811508,5717,24783,100.05668158182075,9x4
2,60,47.02259167989665,897.8887786865234,9373,44,52.8597326778307,1237.5359778025793,6768,22470,99.88232435772736,4x9
2,56,32.137305381880594,10126.211883544922,16728,48,55.67378640776699,686.9728422619048,5602,32788,87.81109178964758,5x4
2,60,32.68934127256289,10457.052459716797,16090,48,56.904570262969294,703.5673363095239,4912,32238,89.59391153553219,4x5
2,32,43.379778255833195,2937.283981323242,11230,44,57.8907459338194,930.9639601934524,5161,24330,101.2705241896526,9x4
2,64,49.51905158519813,685.9745483398438,6844,44,52.75167373639291,1283.6592881944443,6771,21346,102.27072532159104,4x9
2,60,32.35347115087936,9970.423370361328,16490,48,55.18562874251497,721.962906125992,5874,32570,87.53909989339434,5x4
2,64,33.19433980182975,9901.44369506836,16195,48,56.25637671680837,740.3524305555555,5327,31750,89.45071651863812,4x5
2,64,32.36445569307695,10406.356750488281,16533,48,56.86694947936753,690.0082000248016,5070,32559,89.23140517244448,5x4
2,68,49.45131428268721,668.3032836914062,7465,44,52.71664964249234,1295.8076171875,6453,21375,102.16796392517955,4x9
2,36,39.898633994140255,3808.8114624023438,13657,44,58.85124579508524,808.8548022073413,5507,26439,98.7498797892255,9x4
2,68,33.64271047227926,9856.221542358398,15279,48,56.179829097044575,750.9398251488095,5305,60000,89.82253956932384,4x5
2,68,33.33468972533062,9524.535873413086,15869,48,55.250615565785246,767.0947265625,5910,31616,88.58530529111587,5x4
2,72,50.82008026890831,657.5832061767578,7640,44,52.52885496183206,1283.9275793650793,6356,20808,103.34893523074038,4x9
2,72,33.66539313577552,9261.240310668945,15458,48,56.1890038105607,732.7983785962301,5274,31306,89.85439694633621,4x5
2,40,38.27338759718217,3301.510940551758,15075,44,54.63356798814376,927.7890004960317,6399,27555,92.90695558532593,9x4
2,72,33.514750535366126,9563.94905090332,15555,48,56.13400043506635,712.870101686508,5514,31450,89.64875097043247,5x4
2,24,31.702978080120936,10918.71044921875,17260,52,56.39160839160839,674.3945002480159,5043,33234,88.09458647172933,4x5
2,24,45.96295610553541,2463.0224609375,10083,48,58.259976293954956,803.1265190972222,4254,22984,104.22293239949036,4x9
2,24,29.408122055194077,11803.468566894531,18629,52,56.16760080535452,708.8212115575396,5503,35816,85.5757228605486,5x4
2,44,40.37643434732384,2564.171890258789,14124,44,55.06198655713219,1041.1756882440477,6314,26128,95.43842090445602,9x4
2,28,31.934703822141007,11120.830200195312,17250,52,56.5336838646073,655.1587611607143,5010,32994,88.4683876867483,4x5
2,28,46.6107428773069,1475.5511016845703,8735,48,54.443377815285615,1082.7456442212301,5754,22667,101.0541206925925,4x9
2,28,31.479315520864606,10767.26626586914,17062,52,56.021275440976936,688.3578249007936,5511,33470,87.50059096184154,5x4
2,48,41.0369442705072,2321.7750091552734,14464,44,55.17088032497728,1164.125217013889,7019,25710,96.20782459548448,9x4
2,32,32.48879938032533,10662.237533569336,16568,52,56.76374835019798,698.3206225198413,5056,32434,89.2525477305233,4x5
2,32,46.00531201114021,1762.1757049560547,8855,48,55.74594944912508,996.3910125248016,5178,22963,101.75126146026528,4x9
2,32,29.654298642533938,11381.876480102539,18760,52,55.191530317613086,712.1227368551587,5818,35520,84.84582896014703,5x4
2,36,31.901670266816758,10785.961944580078,17134,52,56.546072093787664,678.660636780754,5139,33028,88.44774236060442,4x5
2,52,44.19522886285088,1379.4039916992188,10126,44,52.67898336225375,1397.197234623016,6990,23884,96.87421222510463,9x4
2,36,29.9054844137695,11356.581497192383,18987,52,56.40085241243648,685.212642609127,5471,35223,86.30633682620598,5x4
2,36,48.83626321440845,1138.438735961914,7609,48,53.89473684210526,1167.2837611607142,5851,21642,102.73100005651371,4x9
2,40,32.13041213421174,10932.840713500977,16923,52,56.60188637859179,657.6479879712301,4953,32794,88.73229851280354,4x5
2,56,39.42311451988871,2026.3912658691406,16765,44,55.691809647134995,1292.5909288194443,6767,26756,95.1149241670237,9x4
2,40,30.231396857431164,11031.717742919922,18819,52,56.15843307943417,675.7698102678571,5437,34845,86.38982993686534,5x4
2,40,46.007330906314245,1679.12109375,9791,48,55.378078223080635,1012.7860863095239,5647,22962,101.38540912939487,4x9
2,44,31.99414169768719,10970.591552734375,16680,52,56.573965469991776,668.203125,5040,32933,88.56810716767896,4x5
2,44,30.26106028686041,11042.720932006836,18647,52,55.80019461563412,698.8987320188492,5627,34811,86.06125490249453,5x4
2,60,42.64064088487658,1233.0536346435547,12331,44,52.002216736359514,1498.2500465029761,7703,24749,94.64285762123609,9x4
2,48,32.28473783059823,10589.687530517578,16855,52,56.317765168048886,677.2557508680555,5061,32638,88.60250299864711,4x5
2,44,48.38994740200681,915.2166290283203,7251,48,52.60649304316804,1222.582775297619,6289,21840,100.99644044517484,4x9
2,48,29.901220485913083,11182.187057495117,18782,52,56.04561003420753,709.6238839285714,5612,35228,85.94683052012061,5x4
2,52,31.86773644541697,10649.129287719727,16995,52,55.93627052511787,693.1648995535714,5307,33063,87.80400697053484,4x5
2,64,41.914538114082426,1875.0875244140625,14797,44,54.48073471972976,1324.0301804315477,6788,25181,96.39527283381219,9x4
2,48,47.78560624135009,1374.4269714355469,7749,48,54.240252233315815,1098.6961340525793,5613,22114,102.02585847466591,4x9
2,52,30.303037308903853,11084.762084960938,18773,52,56.100440241317465,683.4281218998016,5468,34763,86.40347755022131,5x4
2,56,30.80604030789118,10853.836624145508,17942,52,55.574866742044904,679.020740327381,5432,34197,86.38090704993608,4x5
2,68,44.62025531914894,1887.9289093017578,12594,44,55.622783855149,1297.3600570436508,6561,23658,100.24303917429793,9x4
2,52,44.78106513668433,1522.8840942382812,10549,48,55.75799481417459,1103.6533823164682,5194,23586,100.53905995085893,4x9
2,56,32.15307248865448,10210.482543945312,16586,52,55.782101167315176,703.9621000744048,5583,32772,87.93517365596966,5x4
2,60,32.08322369427531,10329.65885925293,17018,52,56.13400043506635,690.7411799355159,5239,60000,88.21722412934166,4x5
2,56,48.849916496790556,785.9654388427734,7476,48,52.85702580909464,1242.886470734127,6648,21636,101.70694230588519,4x9
2,72,43.5780899343363,862.4118194580078,10898,44,50.94225644062777,1609.6502356150793,7992,24220,94.52034637496408,9x4
2,60,32.45260128129739,9788.396789550781,16584,52,55.470335339638865,711.9111018105159,5801,32471,87.92293662093626,5x4
2,64,33.54584426386845,9670.751037597656,15835,52,56.22879555482922,700.5313740079365,5260,31417,89.77463981869766,4x5
2,64,33.03433936109886,9915.493881225586,15702,52,56.41934954905712,765.4223245287699,5421,31902,89.45368891015598,5x4
2,60,49.977007963969136,748.3604736328125,6487,48,52.867854947756605,1273.494621155754,6217,21152,102.84486291172574,4x9
2,24,40.773651670101486,1900.9499053955078,14032,48,53.30468911381946,1271.5662977430557,7513,25875,94.07834078392094,9x4
2,68,33.26172878667724,9838.646438598633,16443,52,56.40085241243648,740.6517857142857,5206,31684,89.66258119911372,4x5
2,68,32.89650196078431,9620.405380249023,16428,52,55.89991876523152,688.0517268105159,5538,32035,88.79642072601584,5x4
2,64,51.37795973471408,614.9823760986328,7274,48,52.47811276628197,1292.485134548611,6662,20580,103.85607250099605,4x9
2,72,33.68810640621988,9702.215408325195,15369,52,56.225732650615534,751.0625465029761,5416,31285,89.91383905683541,4x5
2,28,44.27734144075669,2303.8465423583984,10945,48,53.84413145539906,1103.716517857143,6719,23840,98.12147289615575,9x4
2,72,33.31245036058074,9362.863754272461,16125,52,55.87268593699253,726.3616071428571,5653,31638,89.18513629757328,5x4
2,68,51.39559089876832,634.9705810546875,7010,48,52.507477871604436,1290.473911830357,6530,20573,103.90306877037276,4x9
2,24,32.16293478927673,10300.716659545898,17005,56,55.90294627383015,681.0650266617064,5341,32764,88.06588106310689,4x5
2,32,42.35643884310874,1981.202865600586,10737,48,54.67987498013456,1188.3827194940477,6371,24914,97.03631382324329,9x4
2,24,32.09402546523017,10609.340835571289,16586,56,56.32391138273491,685.2584015376984,5413,32832,88.41793684796508,5x4
2,72,52.311112031888584,580.0030364990234,6172,48,52.37160688010554,1312.1717199900793,6399,20216,104.68271891199413,4x9
2,28,31.049598768173876,10495.316528320312,17306,56,55.55691910221218,728.8670634920635,5540,33933,86.60651787038606,4x5
2,28,32.844980422866094,10012.729034423828,16211,56,55.70082564351627,675.488048735119,5640,32085,88.54580606638237,5x4
2,36,41.08357168044509,3887.2918548583984,14329,48,59.1242983159583,819.860367063492,5446,25681,100.20786999640339,9x4
2,32,31.798156234837457,11148.629119873047,17024,56,56.32698499317872,697.4115358382936,5280,33135,88.12514122801618,4x5
2,24,48.00441139983118,1199.8014831542969,8493,52,54.03580776882002,1146.885509672619,5955,22014,102.04021916865119,4x9
2,32,32.68832221460191,10137.212371826172,16505,56,56.25331080712846,695.6383463541666,5501,32238,88.94163302173037,5x4
2,40,42.678822906915215,1940.0108642578125,11541,48,53.93698071798087,1216.314422123016,7153,24727,96.61580362489609,9x4
2,36,31.019287658265295,10961.658615112305,17999,56,56.704499258364,673.4931640625,5061,33963,87.7237869166293,4x5
2,28,47.86414593491648,1458.7972869873047,8168,52,55.20628977910895,1057.238792782738,5211,22078,103.07043571402542,4x9
2,36,32.43051990226704,10416.222366333008,16435,56,56.25637671680837,687.9515904017857,5489,32493,88.68689661907541,5x4
2,40,31.974629505397328,10807.396560668945,16618,56,57.01458241272647,697.4064670138889,4905,32953,88.9892119181238,4x5
2,44,41.394970589396394,1467.4918670654297,13957,48,52.762459745437816,1365.9496682787699,7210,25489,94.1574303348342,9x4
2,40,32.89650196078431,10104.086822509766,16413,56,56.1278955954323,679.8458426339286,5507,32035,89.02439755621661,5x4
2,32,48.14107977245314,1411.728988647461,8187,52,54.8717239912817,1076.6759052579366,5730,21952,103.01280376373484,4x9
2,44,31.607415222305953,10484.834075927734,17526,56,56.0760580214049,674.9033203125,5259,33334,87.68347324371085,4x5
2,44,32.5301234721102,10007.042755126953,16558,56,55.64077408225972,712.5727151537699,5672,32394,88.17089755436992,5x4
2,48,43.818470539072294,2464.360153198242,10764,48,56.317765168048886,1047.0844029017858,5455,24088,100.13623570712119,9x4
2,36,47.16432568871205,1839.9515533447266,9543,52,56.72943116240725,930.882796999008,4943,22403,103.89375685111929,4x9
2,48,30.544903725712953,11097.448196411133,17953,56,56.054740957966764,697.3736359126984,5472,34488,86.59964468367971,4x5
2,48,32.06458320592013,10141.828125,16755,56,55.34838329132929,707.8351004464286,5810,32862,87.41296649724941,5x4
2,40,47.53643335958356,1200.0489654541016,9697,52,53.67613104524181,1145.8678075396826,6048,22229,101.21256440482537,4x9
2,52,42.03720333547145,1634.1911315917969,13798,48,54.23455233291299,1391.913581969246,7126,25102,96.27175566838444,9x4
2,52,30.401438056304542,10961.203872680664,17893,56,55.81528145784892,722.119884672619,5620,34653,86.21671951415345,4x5
2,52,32.217285771346056,10181.078506469727,17015,56,56.1828870019595,679.595703125,5412,32709,88.40017277330556,5x4
2,44,46.62110664197017,1199.3396301269531,9727,52,54.403204553839664,1134.3124379960318,5691,22662,101.02431119580984,4x9
2,56,31.916235466001094,10328.832870483398,17152,56,56.15843307943417,683.5710720486111,5275,33015,88.07466854543526,4x5
2,56,40.535642492655015,1889.9984588623047,14974,48,55.440541411537225,1301.0509827628969,6760,26026,95.97618390419224,9x4
2,56,31.371948300622307,10226.597152709961,17163,56,55.106080828572956,719.5057353670635,5926,33584,86.47802912919526,5x4
2,60,33.16913927814507,9873.078811645508,16307,56,56.021275440976936,710.002681671627,5383,31772,89.190414719122,4x5
2,48,46.04370134410517,1608.2853088378906,9270,52,55.33058161350844,1053.6519562251983,5253,22944,101.37428295761362,4x9
2,60,32.37544769667778,9878.248138427734,16599,56,54.87464114832536,729.5956721230159,6008,32548,87.25008884500315,5x4
2,60,43.84778790666555,1071.153793334961,10535,48,51.991739283735456,1512.204845610119,8153,24072,95.83952719040101,9x4
2,64,32.658797147039586,9925.152847290039,16335,56,55.89386473168354,743.1884455605159,5433,32266,88.55266187872313,4x5
2,52,48.93199678044892,879.91943359375,8564,52,53.27167630057804,1208.7603391617063,6453,21600,102.20367308102695,4x9
2,64,30.736508867067272,10784.129776000977,18204,56,56.04561003420753,736.0248790922619,5713,34277,86.7821189012748,5x4
2,64,44.45755956923599,1210.5763092041016,10940,48,52.05729271736938,1522.376984126984,7985,23744,96.51485228660536,9x4
2,68,32.79772293641112,9823.476287841797,16381,56,56.1890038105607,758.9126829117064,5357,32132,88.98672674697181,4x5
2,68,32.1087668799951,9475.645721435547,16907,56,54.883394480778435,767.5976252480159,5969,32817,86.99216136077354,5x4
2,56,48.147712499387794,976.9906005859375,7672,52,53.567491826249416,1202.9102647569443,6178,21949,101.71520432563722,4x9
2,72,33.59205510171392,9306.68782043457,15774,56,55.42565644632981,757.2504185267857,5627,31374,89.01771154804374,4x5
2,68,42.890052356020945,724.443115234375,10390,48,51.2254094292804,1631.537341889881,8085,24606,94.11546178530133,9x4
2,72,33.12094507091191,9176.410873413086,16375,56,55.19743315508021,801.2212301587301,6009,31819,88.31837822599212,5x4
2,60,50.80037998976377,690.7402191162109,7041,52,52.695119460894425,1294.5489366319443,6876,20812,103.4954994506582,4x9
2,24,33.295525989902515,10002.24235534668,15891,60,55.68880496358241,701.3241412450396,5413,31654,88.98433095348493,4x5
2,72,43.197495262420695,860.2097473144531,10917,48,51.46549660949342,1576.1983506944443,8219,24432,94.66299187191412,9x4
2,24,31.789480066696985,10792.936477661133,16787,60,57.200997506234415,696.4346788194445,5055,33145,88.9904775729314,5x4
2,64,49.63157720122888,802.0947418212891,7281,52,53.11542221993516,1265.8946397569443,6482,21298,102.74699942116405,4x9
2,28,33.26172878667724,10040.352066040039,15674,60,55.927178153446036,702.6434306795635,5343,31686,89.18890694012327,4x5
2,24,44.1803320131457,1387.9393768310547,10462,52,53.609224057338736,1393.6843843005952,6906,23892,97.78955607048444,9x4
2,28,31.432596900386702,10389.826764324407,17712,60,56.64449566458128,703.929345382958,5331,60000,88.07709256496798,5x4
2,68,49.70923568269776,831.6974487304688,8177,52,52.97095350508057,1267.291480654762,6459,21265,102.68018918777832,4x9
2,32,32.69545695488136,10081.850692749023,16390,60,56.036482084690554,753.6222718253969,5485,32231,88.73193903957191,4x5
2,32,31.40671518854644,9947.51579284668,17052,60,54.82800382449803,717.054206969246,5959,33547,86.23471901304447,5x4
2,28,41.65644366756714,1166.8320770263672,11980,52,51.94987165936887,1441.615978422619,8028,25330,93.606315326936,9x4
2,36,33.151312045526396,10040.410415649414,16187,60,56.225732650615534,710.4708581349206,5241,31789,89.37704469614192,4x5
2,72,49.83683876085472,598.1787567138672,6132,52,52.083560399636696,1356.1072203621031,6787,21211,101.92039916049141,4x9
2,36,30.11851213557375,11214.37483215332,18449,60,55.0355638496401,761.4972563244048,6001,60000,85.15407598521385,5x4
2,40,32.45561470843135,10609.34262084961,16701,60,57.471714922048996,699.452396453373,4830,32467,89.92732963048034,4x5
2,32,43.165486579944016,2104.166763305664,11048,52,55.00916648902153,1197.5416511656747,6162,24450,98.17465306896554,9x4
2,24,47.67478187633894,802.3648834228516,9262,56,52.919354011791846,1255.6414000496031,6514,22165,100.59413588813078,4x9
2,40,32.41247565763037,9967.743865966797,16786,60,56.71073017966046,714.3649708581349,5320,32511,89.12320583729083,5x4
2,44,33.03017703017703,10147.891525268555,15770,60,56.24717999019127,701.1290147569445,5379,31906,89.2773570203683,4x5
2,28,44.9538805635975,1270.6013946533203,10363,56,54.403204553839664,1121.7217261904761,5906,23496,99.35708511743717,4x9
2,36,45.22843340234645,1151.0826110839844,10137,52,51.54516853932584,1472.789046999008,7923,23342,96.7736019416723,9x4
2,44,31.883240087569934,10226.262115478516,17203,60,55.88478613968598,707.7136656746031,5565,33048,87.76802622725592,5x4
2,48,32.8418942620897,10468.991836547852,16307,60,56.93595896078107,699.0380549355159,4987,32089,89.77785322287077,4x5
2,32,48.251864354060785,1275.0399475097656,8700,56,54.12931983848131,1128.172867063492,5742,21902,102.3811841925421,4x9
2,40,43.41390303481969,2353.0428619384766,11279,52,55.95749756044671,1094.5320405505952,6017,24311,99.37140059526641,9x4
2,48,32.35347115087936,9857.109466552734,16229,60,54.69436201780415,737.7648499503969,6110,32570,87.04783316868351,5x4
2,52,32.11958586044232,10332.011825561523,16985,60,56.234922364478344,690.6230933779761,5239,60000,88.35450822492066,4x5
2,36,49.37213375784644,914.3091735839844,9125,56,53.58417691948295,1219.112025669643,5984,21409,102.95631067732938,4x9
2,44,43.33137732964172,1220.2044677734375,11740,52,51.537447573397245,1483.0216858878969,7735,24357,94.86882490303896,9x4
2,52,32.34798704303563,10020.390280003052,16616,60,54.68192413646959,725.6614685867527,6051,60000,87.02991117950522,5x4
2,56,33.17963484479321,9925.691909790039,16180,60,55.87268593699253,685.7679501488095,5402,31762,89.05232078178574,4x5
2,40,50.13234733458959,985.7060241699219,8074,56,53.71244210854972,1166.0091455853174,5905,21087,103.84478944313932,4x9
2,56,32.37544769667778,9878.248138427734,16599,60,54.87464114832536,729.5956721230159,6008,32548,87.25008884500315,5x4
2,60,32.76288079987502,10037.170318603516,16311,60,55.66778125337073,705.1817336309524,5468,32164,88.43066205324575,4x5
2,48,42.15719856872914,1642.6018676757812,13715,52,54.20322428188836,1414.6172340029761,7051,25031,96.36042285061751,9x4
2,44,48.316353356896464,1380.15185546875,8498,56,55.59582031670796,1058.747349330357,5458,21873,103.91217367360443,4x9
2,60,31.38885230198168,10299.051773071289,17798,60,56.1890038105607,691.6668061755952,5408,33566,87.57785611254238,5x4
2,64,33.375007957221975,10025.803009033203,15759,60,56.51820620927558,699.7844897073413,5191,31584,89.89321416649756,4x5
2,52,41.93800743910731,2182.513214111328,13015,52,54.391737366285504,1227.3138020833333,7061,25161,96.3297448053928,9x4
2,64,31.859990277102575,9845.470504760742,16932,60,55.42565644632981,728.2496589781746,5778,33074,87.2856467234324,5x4
2,68,33.25434479259165,9664.490814208984,16519,60,56.68892794376099,765.8868427579365,5152,31691,89.94327273635264,4x5
2,48,50.48723994952467,731.4745025634766,7266,56,52.55024946543122,1256.2457217261904,6575,20940,103.0374894149559,4x9
2,56,39.664699651989714,1771.6620025634766,15953,52,53.279925669746554,1271.1153738839287,7281,26594,92.94462532173627,9x4
2,72,33.748825233344064,9505.056015014648,15317,60,55.857568050219164,743.4793371775794,5524,31229,89.60639328356322,4x5
2,68,31.23923017338974,10362.17953491211,17669,60,55.89991876523152,709.1823226686508,5666,33726,87.13914893862126,5x4
2,52,46.53006337738816,1449.5952758789062,8060,56,54.671186440677964,1083.8883308531747,5559,22706,101.20124981806612,4x9
2,72,32.85012531328321,9454.11636352539,16122,60,55.28020565552699,745.992931547619,5851,32080,88.1303309688102,5x4
2,24,32.32654067885439,10819.987503051758,17154,64,57.471714922048996,700.0875961061508,4770,32596,89.79825560090339,4x5
2,60,44.6468534446053,1617.9057159423828,11511,52,53.81886438291882,1331.8954148065477,6683,23644,98.46571782752412,9x4
2,56,47.450372554516264,901.317626953125,7903,56,53.29918413714758,1196.3111359126983,6381,22269,100.74955669166384,4x9
2,28,33.258563816290284,9771.63687133789,16070,64,55.354319729715236,732.3256603422619,5568,31687,88.61288354600552,4x5
2,24,31.95124626729234,9832.28044128418,16635,64,55.06198655713219,716.0677238343254,5927,32980,87.01323282442453,5x4
2,64,44.809025255330965,1345.9053039550781,10488,52,52.38755519464041,1436.6002759176588,7224,23559,97.19658044997138,9x4
2,60,49.9722435557244,706.6158447265625,8338,56,52.411495887072206,1294.8184678819443,6552,21154,102.38373944279661,4x9
2,32,33.45700520085511,9870.643341064453,15746,64,56.27784744561365,709.7583240327381,5235,31500,89.73485264646877,4x5
2,28,32.70463477013287,9781.488296508789,16271,64,56.0,725.3637462797619,5634,32222,88.70463477013287,5x4
2,68,44.18219357013441,664.7375183105469,11079,52,50.844391901876755,1633.1224113343253,8099,23891,95.02658547201116,9x4
2,64,50.704559441299125,665.3436737060547,6741,56,52.6467407936346,1288.5871000744048,6410,20851,103.35130023493372,4x9
2,36,33.69460154241645,9586.082000732422,15472,64,55.55691910221218,748.7026134672619,5553,31280,89.25152064462863,4x5
2,32,32.33750693887621,9700.968612670898,16268,64,55.156139788393716,723.6930493551587,5956,32586,87.49364672726992,5x4
2,40,32.806958262937236,9748.81283569336,16567,64,56.18594523978009,749.4634641617064,5336,32125,88.99290350271733,4x5
2,36,32.458628695248414,9764.196853637695,16616,64,55.54794962867291,709.865482390873,5741,32465,88.00657832392133,5x4
2,68,48.38101497324289,640.1009979248047,9781,56,52.43279487960987,1305.8595145089287,6464,21844,100.81380985285276,4x9
2,72,42.76236695077689,2056.4518127441406,14160,52,54.75529149647234,1265.7955419146826,7253,24679,97.51765844724923,9x4
2,40,32.945079803946214,10618.057495117188,16751,64,57.55503512880562,665.4692925347222,4731,31988,90.50011493275184,5x4
2,44,32.6272947912129,9844.340240478516,16857,64,56.198181521206514,711.9475911458334,5312,32299,88.82547631241941,4x5
2,72,50.64332591180703,597.0090942382812,7003,56,52.19681415929204,1316.5807291666667,6534,20876,102.84014007109907,4x9
2,24,42.39582743702746,1091.6480407714844,12307,56,51.43215905127311,1555.863544766865,7751,24891,93.82798648830057,9x4
2,48,33.13769238062131,9990.045059204102,15917,64,56.1890038105607,723.8960813492064,5296,31804,89.32669619118201,4x5
2,44,31.452876597276383,10486.727920532227,17643,64,56.73254919204133,707.6209232390873,5264,33498,88.18542578931772,5x4
2,24,50.52617116916426,771.8887023925781,6618,60,52.770552147239265,1256.796611483135,6176,20924,103.29672331640353,4x9
2,28,42.25573241990731,1894.585708618164,10848,56,52.93020870724578,1255.867885044643,6911,24973,95.18594112715309,9x4
2,52,33.54584426386845,9670.751037597656,15835,64,56.22879555482922,700.5313740079365,5260,31417,89.77463981869766,4x5
2,48,32.39044883081581,10426.710479736328,16272,64,56.682701812191105,699.1742776537699,5235,32533,89.07315064300691,5x4
2,28,49.889013216159,952.8173828125,7514,60,53.464829586657,1202.3524150545634,6242,21189,103.35384280281599,4x9
2,32,43.87347280334728,1881.3907318115234,11838,56,53.96800167311513,1252.030288938492,6593,24058,97.84147447646242,9x4
2,56,32.685265421900816,9978.023559570312,16637,64,56.146214099216714,731.0895647321429,5299,32240,88.83147952111753,4x5
2,52,31.683819308052577,10310.36782836914,17108,64,55.890838206627684,734.3691716269841,5564,33255,87.57465751468027,5x4
2,32,46.83353802968754,1126.4992980957031,9584,60,53.85817897208453,1183.2630828373017,5816,22560,100.69171700177208,4x9
2,60,33.36120390697082,10031.06184387207,15770,64,56.50583018558056,699.8009362599206,5191,31590,89.86703409255138,4x5
2,56,31.759631693724256,10197.815689086914,17413,64,56.72631347548912,725.0785900297619,5317,33179,88.48594516921338,5x4
2,36,40.31434063821607,2951.4513549804688,15109,56,55.363226775370094,1020.6577535962301,6179,26168,95.67756741358616,9x4
2,36,47.69864166869312,1093.0702362060547,7844,60,53.609224057338736,1152.8873387896826,6179,22154,101.30786572603185,4x9
2,64,33.25012683916793,9887.690246582031,15933,64,56.447118013781036,728.9385850694445,5275,31697,89.69724485294897,4x5
2,60,32.33351834720938,9770.588394165039,16670,64,55.79416216216216,762.2500775049604,5743,32591,88.12768050937154,5x4
2,40,42.31883122124465,1084.2089233398438,12267,56,51.9472571716155,1519.5362258184523,7730,24936,94.26608839286015,9x4
2,68,33.55980156825092,9616.918533325195,15640,64,56.30547676194632,765.6459573412699,5372,31404,89.86527833019724,4x5
2,40,50.11796787202512,747.0388488769531,6403,60,52.577017114914426,1243.1714564732142,6534,21093,102.69498498693955,4x9
2,64,32.844980422866094,9856.451248168945,16366,64,56.60188637859179,681.2256479414683,5339,32087,89.44686680145789,5x4
2,44,38.25942277520342,2356.636947631836,17666,56,53.99905833115354,1175.864521329365,7082,27565,92.25848110635695,9x4
2,72,33.950979439857534,9116.667572021484,15111,64,54.65960601567465,752.5116567460317,5852,31044,88.61058545553217,4x5
2,68,32.71381773936917,9344.558944702148,16467,64,55.538983050847456,724.9523499503969,5706,32217,88.25280079021663,5x4
2,44,47.7333894856493,964.4261932373047,9839,60,53.17836166924266,1233.7058996775793,6143,22138,100.91175115489196,4x9
2,72,33.60282006088768,9389.019439697266,15875,64,56.36697247706422,739.7407924107143,5369,31365,89.9697925379519,5x4
2,24,32.63135619592955,10456.087829589844,16248,68,57.188320682586294,719.4622085813492,4870,32293,89.81967687851585,4x5
2,48,40.767310757746586,1843.2313995361328,15101,56,55.410779471762936,1299.9261377728174,6902,25879,96.17809022950952,9x4
2,48,46.894289099651836,801.4503631591797,10645,60,52.81645602005833,1235.3685670882937,6342,22531,99.71074511971017,4x9
2,28,33.11780683469143,9951.638946533203,15683,68,56.20736223045088,755.8687531001984,5387,31821,89.32516906514232,4x5
2,24,31.850312860701052,9831.295593261719,17090,68,55.62578141840914,726.8961898561508,5772,33082,87.47609427911019,5x4
2,52,48.861300065213406,717.57080078125,7812,60,52.56898395721925,1263.614025297619,6655,21631,101.43028402243266,4x9
2,52,39.71728343623347,1662.6230773925781,16089,56,53.36807817589577,1354.761021205357,7283,26559,93.08536161212925,9x4
2,32,33.57484550606769,10016.318557739258,15603,68,56.838766519823785,766.8458891369048,5090,31390,90.41361202589147,4x5
2,28,32.23313147459346,9567.408309936523,16951,68,54.80180514998673,747.553462921627,6186,32691,87.03493662458018,5x4
2,56,50.52860636404996,701.0998382568359,6176,60,52.64137086903305,1262.598415798611,6538,20923,103.16997723308302,4x9
2,32,32.88205964439148,9896.366134643555,16025,68,55.649773560491695,743.766834077381,5754,32050,88.53183320488318,5x4
2,36,32.52306069910983,10547.974822998047,16029,68,57.046092627390294,726.0625930059524,5015,32400,89.56915332650013,4x5
2,56,38.36440801990341,1799.781234741211,17609,56,53.737609329446066,1331.5026041666667,7293,27490,92.10201734934947,9x4
2,60,49.11308778948495,746.6971435546875,6920,60,52.98998921915909,1262.0779699900793,6650,21521,102.10307700864405,4x9
2,36,32.49584727903806,9514.425735473633,16388,68,54.515263547058204,766.1305803571429,6169,32430,87.01111082609626,5x4
2,40,31.944432597105866,10486.059310913086,16948,68,56.49655172413793,765.3546161954365,5289,32985,88.4409843212438,4x5
2,60,44.58420851226668,1513.584701538086,12524,56,54.79889573157783,1403.5123387896826,6899,23677,99.38310424384451,9x4
2,40,32.6903603940641,9616.88752746582,16177,68,55.2151492457473,743.9763454861111,5947,32240,87.9055096398114,5x4
2,44,33.04579118212474,10562.394989013672,15817,68,57.128182421961476,739.2530846974206,4966,31890,90.17397360408621,4x5
2,64,49.789502048202564,630.456787109375,7642,60,52.4141573147819,1318.347408234127,6637,21231,102.20365936298447,4x9
2,64,38.81889530579002,2063.3329162597656,16362,56,51.11632744020205,1192.7542317708333,8669,27170,89.93522274599206,9x4
2,44,32.47370703004026,9279.723052978516,16684,68,54.28874980276653,755.5492931547619,6207,32450,86.76245683280679,5x4
2,48,33.45700520085511,9544.949600219727,15913,68,55.990886899918635,744.3740854414683,5462,31500,89.44789210077374,4x5
2,68,49.79186674800629,785.4838104248047,7266,60,53.01993014177111,1270.0829613095239,6400,21230,102.81179688977741,4x9
2,68,41.94304,1190.717788696289,14092,56,54.16908947782734,1527.2819320436508,7442,25158,96.11212947782735,9x4
2,48,33.20274848801495,9193.198181152344,16300,68,55.36619642761358,767.8725973462301,5868,31743,88.56894491562852,5x4
2,52,31.86773644541697,10704.166534423828,16838,68,56.608094768015796,721.606677827381,5225,33063,88.47583121343277,4x5
2,72,50.00322845729721,599.7037811279297,7604,60,52.19153562218739,1310.4903118799602,6459,21141,102.1947640794846,4x9
2,52,32.93266331658292,9551.623779296875,16208,68,55.77004538577912,728.53515625,5655,32002,88.70270870236203,5x4
2,56,32.96890426033642,9916.18928527832,16069,68,56.268643698211946,747.948986235119,5253,31964,89.23754795854836,4x5
2,72,42.997334645507856,1654.3042449951172,13209,56,55.012098278526885,1398.330822172619,6810,24545,98.00943292403474,9x4
2,24,44.38482947418187,1054.5399169921875,13019,64,53.838514500312954,1213.3040984623017,6386,23795,98.22334397449482,4x9
2,56,32.52003473514452,9519.261596679688,16620,68,55.604805257770835,737.0631045386905,5740,32405,88.12483999291535,5x4
2,60,33.25434479259165,9664.490814208984,16519,68,56.68892794376099,765.8868427579365,5152,31691,89.94327273635264,4x5
2,24,43.676107964012,2162.8108825683594,13500,60,55.31279138309844,1245.936306423611,6794,24166,98.98889934711045,9x4
2,28,47.20467455548466,739.4949951171875,9324,64,52.786744400122735,1261.9685949900793,6542,22384,99.9914189556074,4x9
2,60,31.23923017338974,10362.17953491211,17669,68,55.89991876523152,709.1823226686508,5666,33726,87.13914893862126,5x4
2,64,32.830583299414506,9675.89714050293,16302,68,56.49655172413793,758.5786985367064,5260,32098,89.32713502355244,4x5
2,28,42.68577244046408,1789.1878967285156,12789,60,53.58139534883721,1301.6539093501983,7119,24723,96.26716778930128,9x4
2,32,48.80670726925301,741.4227752685547,8167,64,52.419480981158905,1266.1890190972222,6655,21655,101.22618825041192,4x9
2,64,32.71994258432927,9364.093826293945,16438,68,55.363226775370094,753.4886222718254,5807,32214,88.08316935969935,5x4
2,68,33.06142010341783,9987.32583618164,15650,68,56.10348950972932,762.8311476934524,5350,31875,89.16490961314716,4x5
2,68,33.515821773317136,9111.933868408203,16430,68,54.495116414128084,756.4606584821429,6212,31446,88.01093818744522,5x4
2,72,32.574588381484936,9755.783706665039,16574,68,55.881760597693685,734.4344928075396,5453,32350,88.45634897917861,4x5
2,32,42.623307995609935,1713.2479705810547,14085,60,53.44268406337372,1326.9739583333333,7346,24759,96.06599205898365,9x4
2,36,48.066036386495554,1303.635757446289,9674,64,54.97693741677763,1125.2533017113096,5482,21986,103.04297380327318,4x9
2,72,32.5796489047693,9332.516571044922,16732,68,55.23287671232877,727.4684399801587,5854,32345,87.81252561709806,5x4
2,24,33.31668414196295,9688.705337524414,16629,72,56.23798627002288,709.5601748511905,5258,31632,89.55467041198582,4x5
2,40,51.87368246358789,661.6614074707031,6582,64,52.903080313669214,1256.0956411210318,6276,20385,104.7767627772571,4x9
2,36,44.3860480866915,1656.1733703613281,11991,60,53.085373379962974,1301.918697296627,6587,23782,97.47142146665448,9x4
2,24,33.59528386518006,9132.899444580078,16069,72,54.909671241621446,778.0462084573413,6025,31372,88.5049551068015,5x4
2,28,33.51367936589108,9447.004287719727,15824,72,55.50016130766749,745.6022445436508,5561,31447,89.01384067355858,4x5
2,44,46.212156124765734,727.0133972167969,10456,64,52.786744400122735,1263.136734250992,6579,22861,98.99890052488847,4x9
2,40,42.13348334471812,1782.5797882080078,11107,60,52.167795410896595,1301.675285218254,7388,25045,94.30127875561472,9x4
2,28,32.99899295065458,9624.135208129883,16078,72,56.271711279507166,763.7906901041666,5604,31936,89.27070423016175,5x4
2,32,33.06663302954811,9556.478317260742,16573,72,55.89991876523152,733.6456473214286,5399,31870,88.96655179477963,4x5
2,48,51.0303432785462,667.9819946289062,7674,64,52.64405569439486,1269.1580636160713,6638,20719,103.67439897294105,4x9
2,32,33.40797145314939,9167.876541137695,16159,72,55.41672930312466,789.0491691468254,5862,31551,88.82470075627405,5x4
2,36,32.06262230919765,9750.861328125,16862,72,56.11568989888007,741.1036241319445,5453,32863,88.17831220807773,4x5
2,44,43.8404548875324,1000.2299652099609,12158,60,52.83538083538083,1545.4473741319443,7245,24076,96.67583572291323,9x4
2,52,49.57056242192325,684.6510467529297,8825,64,52.867854947756605,1289.6591021825398,6686,21324,102.43841736967985,4x9
2,36,33.16389398443924,9255.279891967773,16328,72,55.31279138309844,773.7213851686508,5866,31778,88.47668536753768,5x4
2,40,33.56302413417835,9370.982925415039,15532,72,55.58384491114701,756.5187562003969,5493,31401,89.14686904532536,4x5
2,48,44.09116138255824,1141.4905548095703,10580,60,52.157251136937845,1467.7977430555557,8006,23940,96.24841251949609,9x4
2,40,32.507936507936506,9630.83381652832,16472,72,55.993924270369966,728.8770151289683,5621,32416,88.50186077830648,5x4
2,44,33.73253981019784,9323.977935791016,15575,72,55.74594944912508,750.621822296627,5491,31245,89.47848925932291,4x5
2,56,49.938918116661334,743.9832000732422,7349,64,52.840790416709325,1291.7966889880952,6504,21168,102.77970853337067,4x9
2,52,44.00419656720803,1449.9148559570312,12555,60,53.29368029739777,1398.2501705109128,7870,23987,97.2978768646058,9x4
2,44,33.57162066978293,9264.811050415039,16215,72,55.776072625094564,744.9299975198413,5732,31394,89.3476932948775,5x4
2,48,33.66647402555705,9130.416732788086,15390,72,55.23287671232877,759.3722253224206,5698,31305,88.89935073788581,4x5
2,60,49.51203567362196,724.7361450195312,8118,64,52.83267646005016,1292.5542999751983,6641,21349,102.34471213367212,4x9
2,56,44.39920396324681,1664.4162292480469,13250,60,55.2151492457473,1315.3534071180557,6743,23775,99.61435320899412,9x4
2,48,32.873812584255575,9436.181533813477,16303,72,55.90597411038293,751.6327194940476,5690,32062,88.7797866946385,5x4
2,52,33.49441001724909,9625.571380615234,15448,72,56.515111695137975,756.363033234127,5240,31465,90.00952171238706,4x5
2,64,51.33267795353733,670.4869995117188,7317,64,52.71126544786028,1272.0828373015872,6206,20598,104.0439434013976,4x9
2,52,33.35059317451735,9204.851684570312,15946,72,55.70683792973177,766.4667658730159,5773,31601,89.05743110424912,5x4
2,56,33.42501035988652,9286.23666381836,16002,72,55.36619642761358,753.6170324900794,5634,31530,88.7912067875001,4x5
2,60,41.62998253136414,821.9939575195312,12603,60,51.34772659436872,1636.1336030505952,8367,25346,92.97770912573287,9x4
2,68,50.17313399140302,702.6163940429688,7050,64,52.534201954397396,1321.8148716517858,6510,21070,102.70733594580042,4x9
2,56,33.260673729619995,9225.986999511719,16170,72,56.04865334491746,769.859375,5726,31689,89.30932707453746,5x4
2,60,33.410100366417076,9396.707870483398,15323,72,56.43477310005468,757.2513020833334,5355,31544,89.84487346647175,4x5
2,64,37.986378785683236,2308.532516479492,17919,60,52.39021419145264,1226.281963045635,8512,27762,90.37659297713589,9x4
2,72,50.73400416357592,616.7824554443359,6447,64,52.27612053684477,1314.3581969246031,6502,20839,103.01012470042069,4x9
2,60,32.967867697918635,9411.813995361328,16191,72,55.512100677637946,742.4960007440476,5829,31966,88.47996837555658,5x4
2,64,34.06790344065759,9121.182022094727,15270,72,55.147299246674145,738.8612196180555,5733,30938,89.21520268733173,4x5
2,24,50.192350685542245,894.3289337158203,7131,68,53.318456531845655,1222.1283482142858,5882,21062,103.5108072173879,4x9
2,68,46.25390383767093,738.9009704589844,8267,60,51.15179146637593,1558.814174107143,8396,22828,97.40569530404687,9x4
2,64,33.867639934110656,9406.336990356445,15394,72,56.348509662626924,758.5521298363095,5565,31122,90.21614959673758,5x4
2,68,32.550319736760414,9768.88053894043,16620,72,55.924148019721514,734.4669518849206,5453,32377,88.47446775648193,4x5
2,68,32.691379579111455,9262.517013549805,16396,72,55.15908726553733,752.0306144593254,5872,32235,87.85046684464879,5x4
2,28,49.53308937510728,638.2709045410156,8167,68,52.62795084892672,1308.1888020833333,6365,21340,102.161040224034,4x9
2,72,33.89610473573622,9136.938491821289,15461,72,55.20333725532142,771.7996496775794,5656,31094,89.09944199105765,4x5
2,72,39.11429424052522,1798.5738677978516,13974,60,48.98637938398746,1262.7489614335318,9267,26966,88.10067362451268,9x4
2,72,33.30398602509131,9390.04557800293,15841,72,55.655774830152055,758.3652653769841,5769,31645,88.95976085524336,5x4
2,32,50.93860356535823,648.2595672607422,7644,68,52.49679584986268,1304.933578249008,6596,20756,103.4353994152209,4x9
2,24,41.917889266440135,1910.3101806640625,15305,64,55.410779471762936,1265.041728670635,6470,25173,97.32866873820308,9x4
2,36,49.87477298812794,670.6746520996094,7354,68,52.552925003818544,1297.8013082837301,6870,21195,102.42769799194647,4x9
2,28,42.70837406321277,1004.4118499755859,13339,64,51.74672883140322,1590.4575737847222,7795,24710,94.45510289461599,9x4
2,40,49.25846566980519,721.6435546875,7277,68,52.71934215230604,1296.2066592261904,6574,21458,101.97780782211123,4x9
2,32,41.11740255666222,1465.2366027832031,13973,64,52.77864703175334,1505.5542379712301,7798,25660,93.89604958841556,9x4
2,44,51.11742874570334,599.4356689453125,6114,68,52.34239350912779,1321.765842013889,6612,20684,103.45982225483112,4x9
2,36,43.985737656780906,1093.1628875732422,10904,64,51.36050156739812,1541.7121155753969,7696,23997,95.34623922417902,9x4
2,48,50.134744713942744,772.8250274658203,7445,68,52.96551724137931,1245.7491009424602,6636,21086,103.10026195532205,4x9
2,40,43.290232020477255,2420.0142974853516,13351,64,56.53058765540281,1146.2938368055557,6534,24380,99.82081967588007,9x4
2,52,49.70923568269776,788.8678894042969,7982,68,52.85702580909464,1271.2250434027778,6199,21265,102.5662614917924,4x9
2,44,41.89611634968835,1490.2725677490234,14085,64,53.95107673008572,1446.6975756448412,7044,25186,95.84719307977406,9x4
2,56,49.274671912798425,740.0500640869141,7110,68,52.851612903225806,1263.882843501984,6185,21451,102.12628481602422,4x9
2,60,49.50969747820317,633.503662109375,6713,68,52.42746850873628,1313.9474516369048,6353,21350,101.93716598693945,4x9
2,48,42.91814014407335,1157.0431213378906,13066,64,53.24969046636401,1593.0989738343253,7798,24590,96.16783061043736,9x4
2,64,48.66397991214949,754.4188232421875,9651,68,52.94649910233393,1276.159458705357,6551,21718,101.61047901448342,4x9
2,52,43.947024308466055,1289.0823822021484,11195,64,51.30433918186789,1490.188988095238,7924,24018,95.25136349033394,9x4
2,68,50.06770464913871,683.1061553955078,7807,68,52.740892136324156,1283.721214657738,6482,21114,102.80859678546287,4x9
2,56,41.36231312374265,1916.7591552734375,15547,64,53.98211390617646,1265.0992683531747,6440,25509,95.3444270299191,9x4
2,72,51.50922367746505,602.4666137695312,7121,68,52.54489920586439,1303.0067274305557,6365,20528,104.05412288332944,4x9
2,60,37.99876789273419,2423.0494384765625,17827,64,52.6467407936346,1202.9840029761904,8324,27753,90.6455086863688,9x4
2,24,50.93365405791182,658.1460266113281,7410,72,52.443450868814146,1265.3977864583333,6286,20758,103.37710492672596,4x9
2,64,42.72055408433489,973.1998596191406,11629,64,52.42480572908731,1593.2650049603174,7770,24703,95.1453598134222,9x4
2,28,50.409557218717175,686.7672729492188,7783,72,52.70050035739814,1272.7152622767858,6617,20972,103.11005757611531,4x9
2,68,41.998477990948054,1437.5948791503906,15270,64,55.100197512411256,1412.412806919643,6893,25125,97.09867550335932,9x4
2,32,48.517593847032565,914.4950866699219,8468,72,53.48976524848422,1231.9176742311508,5952,21783,102.00735909551679,4x9
2,72,40.72930666148767,1080.0002899169922,13637,64,51.881980397084696,1518.1104755704366,8147,25904,92.61128705857237,9x4
2,36,49.806059665218704,659.8472900390625,7399,72,52.29995946493717,1305.230189732143,6547,21225,102.10601913015587,4x9
2,40,46.140970908642174,730.5883941650391,10692,72,52.55827689800906,1281.753162202381,6445,22896,98.69924780665124,4x9
2,24,41.48176279768969,2477.199981689453,15945,68,54.47785929170845,1226.2904265873017,6903,25436,95.95962208939814,9x4
2,44,50.63109694961464,621.1603698730469,6071,72,52.23908092514803,1305.3007192460318,6601,20881,102.87017787476267,4x9
2,28,46.0265121587218,769.7853851318359,9454,68,50.87195662888122,1616.8155691964287,8336,60000,96.89846878760302,9x4
2,48,49.563531907351404,670.9689636230469,7410,72,52.61990212071778,1295.3524770585318,6267,21327,102.18343402806919,4x9
2,32,39.52267159172289,1404.0193634033203,15679,68,52.448780487804875,1395.3218625992063,7909,26689,91.97145207952777,9x4
2,52,48.92514622289342,645.6948089599609,7950,72,52.329125475285174,1317.2364056299602,6377,21603,101.2542716981786,4x9
2,56,51.745664361951846,624.8671417236328,6765,72,52.419480981158905,1304.8328218005952,6194,20435,104.16514534311075,4x9
2,36,41.256531318854265,1835.7396240234375,16175,68,53.52027377372187,1285.6489800347222,7139,25574,94.77680509257613,9x4
2,60,50.23082826917878,621.2246704101562,7325,72,52.462109275730626,1281.998263888889,6426,21048,102.6929375449094,4x9
2,40,41.18523173605656,1709.2980346679688,15351,68,55.58384491114701,1370.7537357390872,6790,25618,96.76907664720358,9x4
2,64,50.721731374257885,729.2028198242188,6883,72,52.727421332243566,1253.9393136160713,6426,20844,103.44915270650145,4x9
2,44,44.533084175656164,1540.5838317871094,12308,68,54.71465677179963,1436.7496589781747,7013,23704,99.2477409474558,9x4
2,68,50.436233679071194,595.1947479248047,7091,72,52.28936170212766,1303.1351996527778,6432,20961,102.72559538119884,4x9
2,48,40.06021012416428,923.0516204833984,15098,68,50.99762845849802,1567.5366598462301,8680,26333,91.0578385826623,9x4
2,72,49.5447936146381,594.6834106445312,7118,72,52.32116788321168,1309.971664186508,6530,21335,101.86596149784978,4x9
2,52,44.576627130893165,1008.3975067138672,10722,68,52.805647925512865,1560.5786675347222,7479,23681,97.38227505640603,9x4
2,56,40.63775529977134,870.3805847167969,13885,68,51.8298769771529,1571.3203900049602,8055,25961,92.46763227692423,9x4
2,60,43.95439302481556,795.1699371337891,12688,68,51.76229878140514,1613.7628348214287,8153,24014,95.7166918062207,9x4
2,64,44.06336933226877,2168.287811279297,13248,68,57.264466019417476,1221.7852182539682,6375,23955,101.32783535168625,9x4
2,68,40.03726613211149,1222.2310028076172,15732,68,53.36256009926071,1525.3202659970239,7776,26348,93.3998262313722,9x4
2,72,44.91266543881441,1456.3190612792969,12057,68,53.718032786885246,1355.2856057787699,7532,23505,98.63069822569966,9x4
2,24,41.476840314860965,1435.9422149658203,11699,72,51.01275081545913,1388.417488219246,8425,25439,92.4895911303201,9x4
2,28,42.99380868424289,2064.3882751464844,10734,72,53.85817897208453,1147.6335875496031,6407,24547,96.85198765632742,9x4
2,32,44.461329715061055,1073.478271484375,9391,72,50.78435424354244,1433.150886656746,8115,23742,95.2456839586035,9x4
2,36,45.99219264002807,1527.661392211914,10310,72,53.9144424131627,1281.832279265873,6344,22957,99.90663505319077,9x4
2,40,44.724930688846236,994.7304992675781,10554,72,52.770552147239265,1520.7959914434523,8032,23607,97.4954828360855,9x4
2,44,45.253808640110485,1034.2463989257812,9646,72,51.79086803813347,1522.7391338045634,7410,23329,97.04467667824395,9x4
2,48,44.055964035124575,1402.0916900634766,11327,72,53.041726618705034,1433.6849888392858,8100,23960,97.0976906538296,9x4
2,52,45.38504155124654,886.7281036376953,9722,72,52.18625815258608,1620.7872643849207,7762,23262,97.57129970383261,9x4
2,56,40.22464324075495,2313.993423461914,13969,72,51.480897755610975,1137.7523096478174,7524,26230,91.70554099636593,9x4
2,60,39.57487922705314,1355.1477661132812,14625,72,49.9996124782019,1448.454830109127,9109,26655,89.57449170525504,9x4
2,64,41.272770211761,944.1867980957031,14672,72,52.884106978173996,1595.9638051835318,7766,25564,94.15687718993499,9x4
2,68,43.51660026560425,1066.3699493408203,11972,72,52.62795084892672,1531.792751736111,7666,24254,96.14455111453097,9x4
2,72,38.16195363394839,883.6743469238281,16353,72,49.634160415464514,1585.161861359127,8966,27637,87.7961140494129,9x4
