req_id,dma_id,ddr_id,cmd,issue_time,sn_receive_time,sn_send_data,ack_time,read_flit_recv,write_flit_recv,BW
1,0,0,R,0.00,40.00,195.00,,235.00;235.50,,1.0870488322717622
2,0,0,R,1.00,41.00,196.00,,236.00;236.50,,2.1649048625792813
3,0,0,R,2.00,42.00,197.00,,237.00;237.50,,3.2336842105263157
4,0,0,R,3.00,43.00,198.00,,238.00;238.50,,4.29350104821803
5,0,0,R,4.00,44.00,199.00,,239.00;239.50,,5.34446764091858
6,0,0,R,5.00,45.00,200.00,,240.00;240.50,,6.386694386694387
7,0,0,R,6.00,46.00,201.00,,241.00;241.50,,7.420289855072464
8,0,0,R,7.00,47.00,202.00,,242.00;242.50,,8.445360824742268
9,0,0,R,8.00,48.00,203.00,,243.00;243.50,,9.462012320328542
10,0,0,R,9.00,49.00,204.00,,244.00;244.50,,10.47034764826176
11,0,0,R,10.00,50.00,205.00,,245.00;245.50,,11.470468431771893
12,0,0,R,11.00,51.00,206.00,,246.00;246.50,,12.462474645030426
13,0,0,R,12.00,52.00,207.00,,247.00;247.50,,13.446464646464646
14,0,0,R,13.00,53.00,208.00,,248.00;248.50,,14.422535211267606
15,0,0,R,14.00,54.00,209.00,,249.00;249.50,,15.390781563126252
16,0,0,R,15.00,55.00,210.00,,250.00;250.50,,16.35129740518962
17,1,0,R,16.00,56.00,211.00,,251.00;251.50,,17.30417495029821
18,1,0,R,17.00,57.00,212.00,,252.00;252.50,,18.249504950495048
19,1,0,R,18.00,58.00,213.00,,253.00;253.50,,19.187376725838263
20,1,0,R,19.00,59.00,214.00,,254.00;254.50,,20.11787819253438
21,1,0,R,20.00,60.00,215.00,,255.00;255.50,,21.041095890410958
22,1,0,R,21.00,61.00,216.00,,256.00;256.50,,21.957115009746587
23,1,0,R,22.00,62.00,217.00,,257.00;257.50,,22.866019417475727
24,1,0,R,23.00,63.00,218.00,,258.00;258.50,,23.7678916827853
25,1,0,R,24.00,64.00,219.00,,259.00;259.50,,24.66281310211946
26,1,0,R,25.00,65.00,220.00,,260.00;260.50,,25.550863723608444
27,1,0,R,26.00,66.00,221.00,,261.00;261.50,,26.432122370936902
28,1,0,R,27.00,67.00,222.00,,262.00;262.50,,27.30666666666667
29,1,0,R,28.00,68.00,223.00,,263.00;263.50,,28.174573055028464
30,1,0,R,29.00,69.00,224.00,,264.00;264.50,,29.035916824196597
31,1,0,R,30.00,70.00,225.00,,265.00;265.50,,29.890772128060263
32,1,0,R,31.00,71.00,226.00,,266.00;266.50,,30.73921200750469
33,0,0,R,236.00,276.00,431.00,,471.00;471.50,,17.91728525980912
34,0,0,R,237.00,277.00,432.00,,472.00;472.50,,18.42116402116402
35,0,0,R,238.00,278.00,433.00,,473.00;473.50,,18.922914466737065
36,0,0,R,239.00,279.00,434.00,,474.00;474.50,,19.42255005268704
37,0,0,R,240.00,280.00,435.00,,475.00;475.50,,19.920084121976867
38,0,0,R,241.00,281.00,436.00,,476.00;476.50,,20.415529905561385
39,0,0,R,242.00,282.00,437.00,,477.00;477.50,,20.90890052356021
40,0,0,R,243.00,283.00,438.00,,478.00;478.50,,21.400208986415883
41,0,0,R,244.00,284.00,439.00,,479.00;479.50,,21.88946819603754
42,0,0,R,245.00,285.00,440.00,,480.00;480.50,,22.37669094693028
43,0,0,R,246.00,286.00,441.00,,481.00;481.50,,22.86188992731049
44,0,0,R,247.00,287.00,442.00,,482.00;482.50,,23.345077720207254
45,0,0,R,248.00,288.00,443.00,,483.00;483.50,,23.826266804550155
46,0,0,R,249.00,289.00,444.00,,484.00;484.50,,24.30546955624355
47,0,0,R,250.00,290.00,445.00,,485.00;485.50,,24.7826982492276
48,0,0,R,251.00,291.00,446.00,,486.00;486.50,,25.257965056526206
49,1,0,R,252.00,292.00,447.00,,487.00;487.50,,25.73128205128205
50,1,0,R,253.00,293.00,448.00,,488.00;488.50,,26.202661207778917
51,1,0,R,254.00,294.00,449.00,,489.00;489.50,,26.67211440245148
52,1,0,R,255.00,295.00,450.00,,490.00;490.50,,27.139653414882773
53,1,0,R,256.00,296.00,451.00,,491.00;491.50,,27.60528992878942
54,1,0,R,257.00,297.00,452.00,,492.00;492.50,,28.069035532994924
55,1,0,R,258.00,298.00,453.00,,493.00;493.50,,28.530901722391086
56,1,0,R,259.00,299.00,454.00,,494.00;494.50,,28.990899898887765
57,1,0,R,260.00,300.00,455.00,,495.00;495.50,,29.44904137235116
58,1,0,R,261.00,301.00,456.00,,496.00;496.50,,29.905337361530716
59,1,0,R,262.00,302.00,457.00,,497.00;497.50,,30.359798994974874
60,1,0,R,263.00,303.00,458.00,,498.00;498.50,,30.812437311935806
61,1,0,R,264.00,304.00,459.00,,499.00;499.50,,31.263263263263262
62,1,0,R,265.00,305.00,460.00,,500.00;500.50,,31.71228771228771
63,1,0,R,266.00,306.00,461.00,,501.00;501.50,,32.15952143569292
64,1,0,R,267.00,307.00,462.00,,502.00;502.50,,32.60497512437811
65,0,0,R,472.00,512.00,667.00,,707.00;707.50,,23.519434628975265
66,0,0,R,473.00,513.00,668.00,,708.00;708.50,,23.84756527875794
67,0,0,R,474.00,514.00,669.00,,709.00;709.50,,24.17477096546864
68,0,0,R,475.00,515.00,670.00,,710.00;710.50,,24.501055594651653
69,0,0,R,476.00,516.00,671.00,,711.00;711.50,,24.82642304989459
70,0,0,R,477.00,517.00,672.00,,712.00;712.50,,25.150877192982456
71,0,0,R,478.00,518.00,673.00,,713.00;713.50,,25.474421864050456
72,0,0,R,479.00,519.00,674.00,,714.00;714.50,,25.79706088173548
73,0,0,R,480.00,520.00,675.00,,715.00;715.50,,26.118798043326347
74,0,0,R,481.00,521.00,676.00,,716.00;716.50,,26.43963712491277
75,0,0,R,482.00,522.00,677.00,,717.00;717.50,,26.7595818815331
76,0,0,R,483.00,523.00,678.00,,718.00;718.50,,27.078636047320806
77,0,0,R,484.00,524.00,679.00,,719.00;719.50,,27.396803335649757
78,0,0,R,485.00,525.00,680.00,,720.00;720.50,,27.71408743927828
79,0,0,R,486.00,526.00,681.00,,721.00;721.50,,28.03049203049203
80,0,0,R,487.00,527.00,682.00,,722.00;722.50,,28.346020761245676
81,1,0,R,488.00,528.00,683.00,,723.00;723.50,,28.660677263303388
82,1,0,R,489.00,529.00,684.00,,724.00;724.50,,28.97446514837819
83,1,0,R,490.00,530.00,685.00,,725.00;725.50,,29.28738800827016
84,1,0,R,491.00,531.00,686.00,,726.00;726.50,,29.59944941500344
85,1,0,R,492.00,532.00,687.00,,727.00;727.50,,29.9106529209622
86,1,0,R,493.00,533.00,688.00,,728.00;728.50,,30.221002059025395
87,1,0,R,494.00,534.00,689.00,,729.00;729.50,,30.53050034270048
88,1,0,R,495.00,535.00,690.00,,730.00;730.50,,30.83915126625599
89,1,0,R,496.00,536.00,691.00,,731.00;731.50,,31.14695830485304
90,1,0,R,497.00,537.00,692.00,,732.00;732.50,,31.453924914675767
91,1,0,R,498.00,538.00,693.00,,733.00;733.50,,31.760054533060668
92,1,0,R,499.00,539.00,694.00,,734.00;734.50,,32.065350578624916
93,1,0,R,500.00,540.00,695.00,,735.00;735.50,,32.36981645139361
94,1,0,R,501.00,541.00,696.00,,736.00;736.50,,32.673455532926
95,1,0,R,502.00,542.00,697.00,,737.00;737.50,,32.97627118644068
96,1,0,R,503.00,543.00,698.00,,738.00;738.50,,33.27826675693974
97,0,0,R,708.00,748.00,903.00,,943.00;943.50,,26.3190249072602
98,0,0,R,709.00,749.00,904.00,,944.00;944.50,,26.562202223398625
99,0,0,R,710.00,750.00,905.00,,945.00;945.50,,26.80486515071391
100,0,0,R,711.00,751.00,906.00,,946.00;946.50,,27.047015319598522
101,0,0,R,712.00,752.00,907.00,,947.00;947.50,,27.288654353562006
102,0,0,R,713.00,753.00,908.00,,948.00;948.50,,27.529783869267263
103,0,0,R,714.00,754.00,909.00,,949.00;949.50,,27.770405476566616
104,0,0,R,715.00,755.00,910.00,,950.00;950.50,,28.01052077853761
105,0,0,R,716.00,756.00,911.00,,951.00;951.50,,28.250131371518655
106,0,0,R,717.00,757.00,912.00,,952.00;952.50,,28.489238845144357
107,0,0,R,718.00,758.00,913.00,,953.00;953.50,,28.727844782380703
108,0,0,R,719.00,759.00,914.00,,954.00;954.50,,28.96595075955998
109,0,0,R,720.00,760.00,915.00,,955.00;955.50,,29.203558346415488
110,0,0,R,721.00,761.00,916.00,,956.00;956.50,,29.440669106116047
111,0,0,R,722.00,762.00,917.00,,957.00;957.50,,29.67728459530026
112,0,0,R,723.00,763.00,918.00,,958.00;958.50,,29.91340636411059
113,1,0,R,724.00,764.00,919.00,,959.00;959.50,,30.149035956227202
114,1,0,R,725.00,765.00,920.00,,960.00;960.50,,30.384174908901613
115,1,0,R,726.00,766.00,921.00,,961.00;961.50,,30.61882475299012
116,1,0,R,727.00,767.00,922.00,,962.00;962.50,,30.852987012987015
117,1,0,R,728.00,768.00,923.00,,963.00;963.50,,31.0866632070576
118,1,0,R,729.00,769.00,924.00,,964.00;964.50,,31.31985484707102
119,1,0,R,730.00,770.00,925.00,,965.00;965.50,,31.552563438632834
120,1,0,R,731.00,771.00,926.00,,966.00;966.50,,31.784790481117433
121,1,0,R,732.00,772.00,927.00,,967.00;967.50,,32.01653746770026
122,1,0,R,733.00,773.00,928.00,,968.00;968.50,,32.24780588538978
123,1,0,R,734.00,774.00,929.00,,969.00;969.50,,32.47859721505931
124,1,0,R,735.00,775.00,930.00,,970.00;970.50,,32.70891293147862
125,1,0,R,736.00,776.00,931.00,,971.00;971.50,,32.93875450334534
126,1,0,R,737.00,777.00,932.00,,972.00;972.50,,33.16812339331619
127,1,0,R,738.00,778.00,933.00,,973.00;973.50,,33.39702105803801
128,1,0,R,739.00,779.00,934.00,,974.00;974.50,,33.62544894817855
129,0,0,R,944.00,984.00,1139.00,,1179.00;1179.50,,27.99830436625689
130,0,0,R,945.00,985.00,1140.00,,1180.00;1180.50,,28.19144430326133
131,0,0,R,946.00,986.00,1141.00,,1181.00;1181.50,,28.384257300042318
132,0,0,R,947.00,987.00,1142.00,,1182.00;1182.50,,28.57674418604651
133,0,0,R,948.00,988.00,1143.00,,1183.00;1183.50,,28.768905787917195
134,0,0,R,949.00,989.00,1144.00,,1184.00;1184.50,,28.96074292950612
135,0,0,R,950.00,990.00,1145.00,,1185.00;1185.50,,29.15225643188528
136,0,0,R,951.00,991.00,1146.00,,1186.00;1186.50,,29.343447113358618
137,0,0,R,952.00,992.00,1147.00,,1187.00;1187.50,,29.534315789473684
138,0,0,R,953.00,993.00,1148.00,,1188.00;1188.50,,29.724863273033236
139,0,0,R,954.00,994.00,1149.00,,1189.00;1189.50,,29.915090374106768
140,0,0,R,955.00,995.00,1150.00,,1190.00;1190.50,,30.104997900042
141,0,0,R,956.00,996.00,1151.00,,1191.00;1191.50,,30.29458665547629
142,0,0,R,957.00,997.00,1152.00,,1192.00;1192.50,,30.483857442348008
143,0,0,R,958.00,998.00,1153.00,,1193.00;1193.50,,30.672811059907833
144,0,0,R,959.00,999.00,1154.00,,1194.00;1194.50,,30.86144830473001
145,1,0,R,960.00,1000.00,1155.00,,1195.00;1195.50,,31.049769970723545
146,1,0,R,961.00,1001.00,1156.00,,1196.00;1196.50,,31.237776849143334
147,1,0,R,962.00,1002.00,1157.00,,1197.00;1197.50,,31.425469728601254
148,1,0,R,963.00,1003.00,1158.00,,1198.00;1198.50,,31.61284939507718
149,1,0,R,964.00,1004.00,1159.00,,1199.00;1199.50,,31.79991663192997
150,1,0,R,965.00,1005.00,1160.00,,1200.00;1200.50,,31.98667221990837
151,1,0,R,966.00,1006.00,1161.00,,1201.00;1201.50,,32.17311693716188
152,1,0,R,967.00,1007.00,1162.00,,1202.00;1202.50,,32.35925155925156
153,1,0,R,968.00,1008.00,1163.00,,1203.00;1203.50,,32.54507685916078
154,1,0,R,969.00,1009.00,1164.00,,1204.00;1204.50,,32.730593607305934
155,1,0,R,970.00,1010.00,1165.00,,1205.00;1205.50,,32.915802571547076
156,1,0,R,971.00,1011.00,1166.00,,1206.00;1206.50,,33.10070451719851
157,1,0,R,972.00,1012.00,1167.00,,1207.00;1207.50,,33.285300207039334
158,1,0,R,973.00,1013.00,1168.00,,1208.00;1208.50,,33.469590401323956
159,1,0,R,974.00,1014.00,1169.00,,1209.00;1209.50,,33.653575857792475
160,1,0,R,975.00,1015.00,1170.00,,1210.00;1210.50,,33.83725733168112
161,0,0,R,1180.00,1220.00,1375.00,,1415.00;1415.50,,29.117626280466265
162,0,0,R,1181.00,1221.00,1376.00,,1416.00;1416.50,,29.27779738792799
163,0,0,R,1182.00,1222.00,1377.00,,1417.00;1417.50,,29.437742504409172
164,0,0,R,1183.00,1223.00,1378.00,,1418.00;1418.50,,29.597462107860416
165,0,0,R,1184.00,1224.00,1379.00,,1419.00;1419.50,,29.756956674885522
166,0,0,R,1185.00,1225.00,1380.00,,1420.00;1420.50,,29.916226680746217
167,0,0,R,1186.00,1226.00,1381.00,,1421.00;1421.50,,30.075272599366865
168,0,0,R,1187.00,1227.00,1382.00,,1422.00;1422.50,,30.23409490333919
169,0,0,R,1188.00,1228.00,1383.00,,1423.00;1423.50,,30.39269406392694
170,0,0,R,1189.00,1229.00,1384.00,,1424.00;1424.50,,30.551070551070552
171,0,0,R,1190.00,1230.00,1385.00,,1425.00;1425.50,,30.709224833391794
172,0,0,R,1191.00,1231.00,1386.00,,1426.00;1426.50,,30.86715737819839
173,0,0,R,1192.00,1232.00,1387.00,,1427.00;1427.50,,31.024868651488617
174,0,0,R,1193.00,1233.00,1388.00,,1428.00;1428.50,,31.182359117955897
175,0,0,R,1194.00,1234.00,1389.00,,1429.00;1429.50,,31.339629240993354
176,0,0,R,1195.00,1235.00,1390.00,,1430.00;1430.50,,31.496679482698358
177,1,0,R,1196.00,1236.00,1391.00,,1431.00;1431.50,,31.653510303877052
178,1,0,R,1197.00,1237.00,1392.00,,1432.00;1432.50,,31.810122164048867
179,1,0,R,1198.00,1238.00,1393.00,,1433.00;1433.50,,31.966515521450994
180,1,0,R,1199.00,1239.00,1394.00,,1434.00;1434.50,,32.122690833042874
181,1,0,R,1200.00,1240.00,1395.00,,1435.00;1435.50,,32.278648554510625
182,1,0,R,1201.00,1241.00,1396.00,,1436.00;1436.50,,32.43438914027149
183,1,0,R,1202.00,1242.00,1397.00,,1437.00;1437.50,,32.58991304347826
184,1,0,R,1203.00,1243.00,1398.00,,1438.00;1438.50,,32.74522071602364
185,1,0,R,1204.00,1244.00,1399.00,,1439.00;1439.50,,32.90031260854463
186,1,0,R,1205.00,1245.00,1400.00,,1440.00;1440.50,,33.055189170426935
187,1,0,R,1206.00,1246.00,1401.00,,1441.00;1441.50,,33.20985084980923
188,1,0,R,1207.00,1247.00,1402.00,,1442.00;1442.50,,33.36429809358752
189,1,0,R,1208.00,1248.00,1403.00,,1443.00;1443.50,,33.51853134741947
190,1,0,R,1209.00,1249.00,1404.00,,1444.00;1444.50,,33.672551055728626
191,1,0,R,1210.00,1250.00,1405.00,,1445.00;1445.50,,33.82635766170875
192,1,0,R,1211.00,1251.00,1406.00,,1446.00;1446.50,,33.97995160732803
193,0,0,R,1416.00,1456.00,1611.00,,1651.00;1651.50,,29.9170451105056
194,0,0,R,1417.00,1457.00,1612.00,,1652.00;1652.50,,30.053857791225415
195,0,0,R,1418.00,1458.00,1613.00,,1653.00;1653.50,,30.19050498941639
196,0,0,R,1419.00,1459.00,1614.00,,1654.00;1654.50,,30.326987005137504
197,0,0,R,1420.00,1460.00,1615.00,,1655.00;1655.50,,30.46330413772274
198,0,0,R,1421.00,1461.00,1616.00,,1656.00;1656.50,,30.599456685783277
199,0,0,R,1422.00,1462.00,1617.00,,1657.00;1657.50,,30.735444947209654
200,0,0,R,1423.00,1463.00,1618.00,,1658.00;1658.50,,30.871269219173954
201,0,0,R,1424.00,1464.00,1619.00,,1659.00;1659.50,,31.006929798131967
202,0,0,R,1425.00,1465.00,1620.00,,1660.00;1660.50,,31.142426979825355
203,0,0,R,1426.00,1466.00,1621.00,,1661.00;1661.50,,31.27776105928378
204,0,0,R,1427.00,1467.00,1622.00,,1662.00;1662.50,,31.41293233082707
205,0,0,R,1428.00,1468.00,1623.00,,1663.00;1663.50,,31.54794108806733
206,0,0,R,1429.00,1469.00,1624.00,,1664.00;1664.50,,31.682787623911086
207,0,0,R,1430.00,1470.00,1625.00,,1665.00;1665.50,,31.817472230561393
208,0,0,R,1431.00,1471.00,1626.00,,1666.00;1666.50,,31.951995199519953
209,1,0,R,1432.00,1472.00,1627.00,,1667.00;1667.50,,32.086356821589206
210,1,0,R,1433.00,1473.00,1628.00,,1668.00;1668.50,,32.22055738687444
211,1,0,R,1434.00,1474.00,1629.00,,1669.00;1669.50,,32.35459718478587
212,1,0,R,1435.00,1475.00,1630.00,,1670.00;1670.50,,32.488476504040705
213,1,0,R,1436.00,1476.00,1631.00,,1671.00;1671.50,,32.62219563266527
214,1,0,R,1437.00,1477.00,1632.00,,1672.00;1672.50,,32.75575485799701
215,1,0,R,1438.00,1478.00,1633.00,,1673.00;1673.50,,32.889154466686584
216,1,0,R,1439.00,1479.00,1634.00,,1674.00;1674.50,,33.02239474469991
217,1,0,R,1440.00,1480.00,1635.00,,1675.00;1675.50,,33.1554759773202
218,1,0,R,1441.00,1481.00,1636.00,,1676.00;1676.50,,33.288398449150016
219,1,0,R,1442.00,1482.00,1637.00,,1677.00;1677.50,,33.421162444113264
220,1,0,R,1443.00,1483.00,1638.00,,1678.00;1678.50,,33.553768245457256
221,1,0,R,1444.00,1484.00,1639.00,,1679.00;1679.50,,33.68621613575469
222,1,0,R,1445.00,1485.00,1640.00,,1680.00;1680.50,,33.81850639690568
223,1,0,R,1446.00,1486.00,1641.00,,1681.00;1681.50,,33.950639310139756
224,1,0,R,1447.00,1487.00,1642.00,,1682.00;1682.50,,34.08261515601783
225,0,0,R,1652.00,1692.00,1847.00,,1887.00;1887.50,,30.516556291390728
226,0,0,R,1653.00,1693.00,1848.00,,1888.00;1888.50,,30.635954461212602
227,0,0,R,1654.00,1694.00,1849.00,,1889.00;1889.50,,30.755226250330775
228,0,0,R,1655.00,1695.00,1850.00,,1890.00;1890.50,,30.87437185929648
229,0,0,R,1656.00,1696.00,1851.00,,1891.00;1891.50,,30.99339148823685
230,0,0,R,1657.00,1697.00,1852.00,,1892.00;1892.50,,31.11228533685601
231,0,0,R,1658.00,1698.00,1853.00,,1893.00;1893.50,,31.23105360443623
232,0,0,R,1659.00,1699.00,1854.00,,1894.00;1894.50,,31.34969648983901
233,0,0,R,1660.00,1700.00,1855.00,,1895.00;1895.50,,31.4682141915062
234,0,0,R,1661.00,1701.00,1856.00,,1896.00;1896.50,,31.586606907461114
235,0,0,R,1662.00,1702.00,1857.00,,1897.00;1897.50,,31.704874835309617
236,0,0,R,1663.00,1703.00,1858.00,,1898.00;1898.50,,31.823018172241245
237,0,0,R,1664.00,1704.00,1859.00,,1899.00;1899.50,,31.94103711503027
238,0,0,R,1665.00,1705.00,1860.00,,1900.00;1900.50,,32.058931860036836
239,0,0,R,1666.00,1706.00,1861.00,,1901.00;1901.50,,32.17670260320799
240,0,0,R,1667.00,1707.00,1862.00,,1902.00;1902.50,,32.29434954007884
241,1,0,R,1668.00,1708.00,1863.00,,1903.00;1903.50,,32.411872865773574
242,1,0,R,1669.00,1709.00,1864.00,,1904.00;1904.50,,32.52927277500656
243,1,0,R,1670.00,1710.00,1865.00,,1905.00;1905.50,,32.64654946208344
244,1,0,R,1671.00,1711.00,1866.00,,1906.00;1906.50,,32.76370312090218
245,1,0,R,1672.00,1712.00,1867.00,,1907.00;1907.50,,32.88073394495413
246,1,0,R,1673.00,1713.00,1868.00,,1908.00;1908.50,,32.99764212732512
247,1,0,R,1674.00,1714.00,1869.00,,1909.00;1909.50,,33.114427860696516
248,1,0,R,1675.00,1715.00,1870.00,,1910.00;1910.50,,33.23109133734624
249,1,0,R,1676.00,1716.00,1871.00,,1911.00;1911.50,,33.34763274914988
250,1,0,R,1677.00,1717.00,1872.00,,1912.00;1912.50,,33.4640522875817
251,1,0,R,1678.00,1718.00,1873.00,,1913.00;1913.50,,33.580350143715705
252,1,0,R,1679.00,1719.00,1874.00,,1914.00;1914.50,,33.69652650822669
253,1,0,R,1680.00,1720.00,1875.00,,1915.00;1915.50,,33.812581571391284
254,1,0,R,1681.00,1721.00,1876.00,,1916.00;1916.50,,33.92851552308896
255,1,0,R,1682.00,1722.00,1877.00,,1917.00;1917.50,,34.04432855280313
256,1,0,R,1683.00,1723.00,1878.00,,1918.00;1918.50,,34.1600208496221
257,0,0,R,1888.00,1928.00,2083.00,,2123.00;2123.50,,30.982811396279725
258,0,0,R,1889.00,1929.00,2084.00,,2124.00;2124.50,,31.088726759237467
259,0,0,R,1890.00,1930.00,2085.00,,2125.00;2125.50,,31.194542460597507
260,0,0,R,1891.00,1931.00,2086.00,,2126.00;2126.50,,31.300258640959324
261,0,0,R,1892.00,1932.00,2087.00,,2127.00;2127.50,,31.40587544065805
262,0,0,R,1893.00,1933.00,2088.00,,2128.00;2128.50,,31.511392999765093
263,0,0,R,1894.00,1934.00,2089.00,,2129.00;2129.50,,31.616811458088755
264,0,0,R,1895.00,1935.00,2090.00,,2130.00;2130.50,,31.72213095517484
265,0,0,R,1896.00,1936.00,2091.00,,2131.00;2131.50,,31.827351630307295
266,0,0,R,1897.00,1937.00,2092.00,,2132.00;2132.50,,31.93247362250879
267,0,0,R,1898.00,1938.00,2093.00,,2133.00;2133.50,,32.03749707054136
268,0,0,R,1899.00,1939.00,2094.00,,2134.00;2134.50,,32.142422112907006
269,0,0,R,1900.00,1940.00,2095.00,,2135.00;2135.50,,32.24724888784828
270,0,0,R,1901.00,1941.00,2096.00,,2136.00;2136.50,,32.351977533348936
271,0,0,R,1902.00,1942.00,2097.00,,2137.00;2137.50,,32.456608187134506
272,0,0,R,1903.00,1943.00,2098.00,,2138.00;2138.50,,32.5611409866729
273,1,0,R,1904.00,1944.00,2099.00,,2139.00;2139.50,,32.66557606917504
274,1,0,R,1905.00,1945.00,2100.00,,2140.00;2140.50,,32.769913571595424
275,1,0,R,1906.00,1946.00,2101.00,,2141.00;2141.50,,32.87415363063273
276,1,0,R,1907.00,1947.00,2102.00,,2142.00;2142.50,,32.978296382730456
277,1,0,R,1908.00,1948.00,2103.00,,2143.00;2143.50,,33.08234196407744
278,1,0,R,1909.00,1949.00,2104.00,,2144.00;2144.50,,33.186290510608536
279,1,0,R,1910.00,1950.00,2105.00,,2145.00;2145.50,,33.290142158005125
280,1,0,R,1911.00,1951.00,2106.00,,2146.00;2146.50,,33.39389704169579
281,1,0,R,1912.00,1952.00,2107.00,,2147.00;2147.50,,33.49755529685681
282,1,0,R,1913.00,1953.00,2108.00,,2148.00;2148.50,,33.60111705841285
283,1,0,R,1914.00,1954.00,2109.00,,2149.00;2149.50,,33.704582461037454
284,1,0,R,1915.00,1955.00,2110.00,,2150.00;2150.50,,33.807951639153686
285,1,0,R,1916.00,1956.00,2111.00,,2151.00;2151.50,,33.9112247269347
286,1,0,R,1917.00,1957.00,2112.00,,2152.00;2152.50,,34.014401858304296
287,1,0,R,1918.00,1958.00,2113.00,,2153.00;2153.50,,34.11748316693755
288,1,0,R,1919.00,1959.00,2114.00,,2154.00;2154.50,,34.220468786261314
289,0,0,R,2124.00,2164.00,2319.00,,2359.00;2359.50,,31.355795719432084
290,0,0,R,2125.00,2165.00,2320.00,,2360.00;2360.50,,31.450963778860412
291,0,0,R,2126.00,2166.00,2321.00,,2361.00;2361.50,,31.546051238619523
292,0,0,R,2127.00,2167.00,2322.00,,2362.00;2362.50,,31.6410582010582
293,0,0,R,2128.00,2168.00,2323.00,,2363.00;2363.50,,31.73598476835202
294,0,0,R,2129.00,2169.00,2324.00,,2364.00;2364.50,,31.8308310425037
295,0,0,R,2130.00,2170.00,2325.00,,2365.00;2365.50,,31.92559712534348
296,0,0,R,2131.00,2171.00,2326.00,,2366.00;2366.50,,32.02028311852948
297,0,0,R,2132.00,2172.00,2327.00,,2367.00;2367.50,,32.114889123548046
298,0,0,R,2133.00,2173.00,2328.00,,2368.00;2368.50,,32.20941524171417
299,0,0,R,2134.00,2174.00,2329.00,,2369.00;2369.50,,32.30386157417177
300,0,0,R,2135.00,2175.00,2330.00,,2370.00;2370.50,,32.398228221894115
301,0,0,R,2136.00,2176.00,2331.00,,2371.00;2371.50,,32.49251528568416
302,0,0,R,2137.00,2177.00,2332.00,,2372.00;2372.50,,32.586722866174924
303,0,0,R,2138.00,2178.00,2333.00,,2373.00;2373.50,,32.680851063829785
304,0,0,R,2139.00,2179.00,2334.00,,2374.00;2374.50,,32.77489997894293
305,1,0,R,2140.00,2180.00,2335.00,,2375.00;2375.50,,32.868869711639654
306,1,0,R,2141.00,2181.00,2336.00,,2376.00;2376.50,,32.96276036187671
307,1,0,R,2142.00,2182.00,2337.00,,2377.00;2377.50,,33.05657202944269
308,1,0,R,2143.00,2183.00,2338.00,,2378.00;2378.50,,33.15030481395838
309,1,0,R,2144.00,2184.00,2339.00,,2379.00;2379.50,,33.243958814877075
310,1,0,R,2145.00,2185.00,2340.00,,2380.00;2380.50,,33.33753413148498
311,1,0,R,2146.00,2186.00,2341.00,,2381.00;2381.50,,33.43103086290153
312,1,0,R,2147.00,2187.00,2342.00,,2382.00;2382.50,,33.52444910807975
313,1,0,R,2148.00,2188.00,2343.00,,2383.00;2383.50,,33.61778896580659
314,1,0,R,2149.00,2189.00,2344.00,,2384.00;2384.50,,33.71105053470329
315,1,0,R,2150.00,2190.00,2345.00,,2385.00;2385.50,,33.80423391322574
316,1,0,R,2151.00,2191.00,2346.00,,2386.00;2386.50,,33.89733919966478
317,1,0,R,2152.00,2192.00,2347.00,,2387.00;2387.50,,33.9903664921466
318,1,0,R,2153.00,2193.00,2348.00,,2388.00;2388.50,,34.08331588863303
319,1,0,R,2154.00,2194.00,2349.00,,2389.00;2389.50,,34.17618748692195
320,1,0,R,2155.00,2195.00,2350.00,,2390.00;2390.50,,34.26898138464756
321,0,0,R,2360.00,2400.00,2555.00,,2595.00;2595.50,,31.660951647081486
322,0,0,R,2361.00,2401.00,2556.00,,2596.00;2596.50,,31.7473522048912
323,0,0,R,2362.00,2402.00,2557.00,,2597.00;2597.50,,31.83368623676612
324,0,0,R,2363.00,2403.00,2558.00,,2598.00;2598.50,,31.919953819511257
325,0,0,R,2364.00,2404.00,2559.00,,2599.00;2599.50,,32.00615502981343
326,0,0,R,2365.00,2405.00,2560.00,,2600.00;2600.50,,32.09228994424149
327,0,0,R,2366.00,2406.00,2561.00,,2601.00;2601.50,,32.17835863924659
328,0,0,R,2367.00,2407.00,2562.00,,2602.00;2602.50,,32.264361191162344
329,0,0,R,2368.00,2408.00,2563.00,,2603.00;2603.50,,32.35029767620511
330,0,0,R,2369.00,2409.00,2564.00,,2604.00;2604.50,,32.43616817047418
331,0,0,R,2370.00,2410.00,2565.00,,2605.00;2605.50,,32.52197274995203
332,0,0,R,2371.00,2411.00,2566.00,,2606.00;2606.50,,32.60771149050451
333,0,0,R,2372.00,2412.00,2567.00,,2607.00;2607.50,,32.69338446788111
334,0,0,R,2373.00,2413.00,2568.00,,2608.00;2608.50,,32.77899175771516
335,0,0,R,2374.00,2414.00,2569.00,,2609.00;2609.50,,32.864533435524045
336,0,0,R,2375.00,2415.00,2570.00,,2610.00;2610.50,,32.95000957670944
337,1,0,R,2376.00,2416.00,2571.00,,2611.00;2611.50,,33.035420256557536
338,1,0,R,2377.00,2417.00,2572.00,,2612.00;2612.50,,33.120765550239234
339,1,0,R,2378.00,2418.00,2573.00,,2613.00;2613.50,,33.20604553281041
340,1,0,R,2379.00,2419.00,2574.00,,2614.00;2614.50,,33.29126027921209
341,1,0,R,2380.00,2420.00,2575.00,,2615.00;2615.50,,33.37640986427069
342,1,0,R,2381.00,2421.00,2576.00,,2616.00;2616.50,,33.46149436269826
343,1,0,R,2382.00,2422.00,2577.00,,2617.00;2617.50,,33.54651384909265
344,1,0,R,2383.00,2423.00,2578.00,,2618.00;2618.50,,33.63146839793775
345,1,0,R,2384.00,2424.00,2579.00,,2619.00;2619.50,,33.716358083603744
346,1,0,R,2385.00,2425.00,2580.00,,2620.00;2620.50,,33.801182980347264
347,1,0,R,2386.00,2426.00,2581.00,,2621.00;2621.50,,33.885943162311655
348,1,0,R,2387.00,2427.00,2582.00,,2622.00;2622.50,,33.97063870352717
349,1,0,R,2388.00,2428.00,2583.00,,2623.00;2623.50,,34.055269677911184
350,1,0,R,2389.00,2429.00,2584.00,,2624.00;2624.50,,34.139836159268434
351,1,0,R,2390.00,2430.00,2585.00,,2625.00;2625.50,,34.224338221291184
352,1,0,R,2391.00,2431.00,2586.00,,2626.00;2626.50,,34.30877593755949
353,0,0,R,2596.00,2636.00,2791.00,,2831.00;2831.50,,31.915239272470423
354,0,0,R,2597.00,2637.00,2792.00,,2832.00;2832.50,,31.994351279788173
355,0,0,R,2598.00,2638.00,2793.00,,2833.00;2833.50,,32.073407446620784
356,0,0,R,2599.00,2639.00,2794.00,,2834.00;2834.50,,32.15240783206915
357,0,0,R,2600.00,2640.00,2795.00,,2835.00;2835.50,,32.231352495150766
358,0,0,R,2601.00,2641.00,2796.00,,2836.00;2836.50,,32.31024149479993
359,0,0,R,2602.00,2642.00,2797.00,,2837.00;2837.50,,32.38907488986784
360,0,0,R,2603.00,2643.00,2798.00,,2838.00;2838.50,,32.467852739122776
361,0,0,R,2604.00,2644.00,2799.00,,2839.00;2839.50,,32.54657510125022
362,0,0,R,2605.00,2645.00,2800.00,,2840.00;2840.50,,32.62524203485302
363,0,0,R,2606.00,2646.00,2801.00,,2841.00;2841.50,,32.70385359845152
364,0,0,R,2607.00,2647.00,2802.00,,2842.00;2842.50,,32.78240985048373
365,0,0,R,2608.00,2648.00,2803.00,,2843.00;2843.50,,32.860910849305434
366,0,0,R,2609.00,2649.00,2804.00,,2844.00;2844.50,,32.939356653190366
367,0,0,R,2610.00,2650.00,2805.00,,2845.00;2845.50,,33.01774732033034
368,0,0,R,2611.00,2651.00,2806.00,,2846.00;2846.50,,33.09608290883541
369,1,0,R,2612.00,2652.00,2807.00,,2847.00;2847.50,,33.17436347673398
370,1,0,R,2613.00,2653.00,2808.00,,2848.00;2848.50,,33.25258908197297
371,1,0,R,2614.00,2654.00,2809.00,,2849.00;2849.50,,33.33075978241797
372,1,0,R,2615.00,2655.00,2810.00,,2850.00;2850.50,,33.408875635853356
373,1,0,R,2616.00,2656.00,2811.00,,2851.00;2851.50,,33.486936699982465
374,1,0,R,2617.00,2657.00,2812.00,,2852.00;2852.50,,33.56494303242769
375,1,0,R,2618.00,2658.00,2813.00,,2853.00;2853.50,,33.642894690730685
376,1,0,R,2619.00,2659.00,2814.00,,2854.00;2854.50,,33.720791732352424
377,1,0,R,2620.00,2660.00,2815.00,,2855.00;2855.50,,33.798634214673434
378,1,0,R,2621.00,2661.00,2816.00,,2856.00;2856.50,,33.87642219499387
379,1,0,R,2622.00,2662.00,2817.00,,2857.00;2857.50,,33.954155730533685
380,1,0,R,2623.00,2663.00,2818.00,,2858.00;2858.50,,34.03183487843275
381,1,0,R,2624.00,2664.00,2819.00,,2859.00;2859.50,,34.109459695751006
382,1,0,R,2625.00,2665.00,2820.00,,2860.00;2860.50,,34.187030239468626
383,1,0,R,2626.00,2666.00,2821.00,,2861.00;2861.50,,34.26454656648611
384,1,0,R,2627.00,2667.00,2822.00,,2862.00;2862.50,,34.34200873362445
385,0,0,R,2832.00,2872.00,3027.00,,3067.00;3067.50,,32.13039934800326
386,0,0,R,2833.00,2873.00,3028.00,,3068.00;3068.50,,32.20335668893596
387,0,0,R,2834.00,2874.00,3029.00,,3069.00;3069.50,,32.276266492914154
388,0,0,R,2835.00,2875.00,3030.00,,3070.00;3070.50,,32.34912880638333
389,0,0,R,2836.00,2876.00,3031.00,,3071.00;3071.50,,32.42194367572847
390,0,0,R,2837.00,2877.00,3032.00,,3072.00;3072.50,,32.49471114727421
391,0,0,R,2838.00,2878.00,3033.00,,3073.00;3073.50,,32.56743126728485
392,0,0,R,2839.00,2879.00,3034.00,,3074.00;3074.50,,32.640104081964544
393,0,0,R,2840.00,2880.00,3035.00,,3075.00;3075.50,,32.71272963745732
394,0,0,R,2841.00,2881.00,3036.00,,3076.00;3076.50,,32.78530797984723
395,0,0,R,2842.00,2882.00,3037.00,,3077.00;3077.50,,32.85783915515841
396,0,0,R,2843.00,2883.00,3038.00,,3078.00;3078.50,,32.93032320935521
397,0,0,R,2844.00,2884.00,3039.00,,3079.00;3079.50,,33.002760188342265
398,0,0,R,2845.00,2885.00,3040.00,,3080.00;3080.50,,33.07515013796461
399,0,0,R,2846.00,2886.00,3041.00,,3081.00;3081.50,,33.147493104007786
400,0,0,R,2847.00,2887.00,3042.00,,3082.00;3082.50,,33.21978913219789
401,1,0,R,2848.00,2888.00,3043.00,,3083.00;3083.50,,33.29203826820172
402,1,0,R,2849.00,2889.00,3044.00,,3084.00;3084.50,,33.36424055762684
403,1,0,R,2850.00,2890.00,3045.00,,3085.00;3085.50,,33.43639604602171
404,1,0,R,2851.00,2891.00,3046.00,,3086.00;3086.50,,33.508504778875746
405,1,0,R,2852.00,2892.00,3047.00,,3087.00;3087.50,,33.58056680161943
406,1,0,R,2853.00,2893.00,3048.00,,3088.00;3088.50,,33.652582159624416
407,1,0,R,2854.00,2894.00,3049.00,,3089.00;3089.50,,33.724550898203596
408,1,0,R,2855.00,2895.00,3050.00,,3090.00;3090.50,,33.79647306261123
409,1,0,R,2856.00,2896.00,3051.00,,3091.00;3091.50,,33.86834869804302
410,1,0,R,2857.00,2897.00,3052.00,,3092.00;3092.50,,33.940177849636214
411,1,0,R,2858.00,2898.00,3053.00,,3093.00;3093.50,,34.011960562469696
412,1,0,R,2859.00,2899.00,3054.00,,3094.00;3094.50,,34.083696881564066
413,1,0,R,2860.00,2900.00,3055.00,,3095.00;3095.50,,34.155386851881765
414,1,0,R,2861.00,2901.00,3056.00,,3096.00;3096.50,,34.22703051832714
415,1,0,R,2862.00,2902.00,3057.00,,3097.00;3097.50,,34.29862792574657
416,1,0,R,2863.00,2903.00,3058.00,,3098.00;3098.50,,34.37017911892851
417,0,0,R,3068.00,3108.00,3263.00,,3303.00;3303.50,,32.31481761767822
418,0,0,R,3069.00,3109.00,3264.00,,3304.00;3304.50,,32.382508700257226
419,0,0,R,3070.00,3110.00,3265.00,,3305.00;3305.50,,32.45015882619876
420,0,0,R,3071.00,3111.00,3266.00,,3306.00;3306.50,,32.517768032662936
421,0,0,R,3072.00,3112.00,3267.00,,3307.00;3307.50,,32.58533635676493
422,0,0,R,3073.00,3113.00,3268.00,,3308.00;3308.50,,32.65286383557503
423,0,0,R,3074.00,3114.00,3269.00,,3309.00;3309.50,,32.72035050611875
424,0,0,R,3075.00,3115.00,3270.00,,3310.00;3310.50,,32.78779640537683
425,0,0,R,3076.00,3116.00,3271.00,,3311.00;3311.50,,32.85520157028537
426,0,0,R,3077.00,3117.00,3272.00,,3312.00;3312.50,,32.92256603773585
427,0,0,R,3078.00,3118.00,3273.00,,3313.00;3313.50,,32.989889844575224
428,0,0,R,3079.00,3119.00,3274.00,,3314.00;3314.50,,33.05717302760598
429,0,0,R,3080.00,3120.00,3275.00,,3315.00;3315.50,,33.12441562358619
430,0,0,R,3081.00,3121.00,3276.00,,3316.00;3316.50,,33.19161766922961
431,0,0,R,3082.00,3122.00,3277.00,,3317.00;3317.50,,33.258779201205726
432,0,0,R,3083.00,3123.00,3278.00,,3318.00;3318.50,,33.325900256139825
433,1,0,R,3084.00,3124.00,3279.00,,3319.00;3319.50,,33.392980870613044
434,1,0,R,3085.00,3125.00,3280.00,,3320.00;3320.50,,33.46002108116247
435,1,0,R,3086.00,3126.00,3281.00,,3321.00;3321.50,,33.527020924281196
436,1,0,R,3087.00,3127.00,3282.00,,3322.00;3322.50,,33.59398043641836
437,1,0,R,3088.00,3128.00,3283.00,,3323.00;3323.50,,33.660899653979236
438,1,0,R,3089.00,3129.00,3284.00,,3324.00;3324.50,,33.72777861332531
439,1,0,R,3090.00,3130.00,3285.00,,3325.00;3325.50,,33.79461735077432
440,1,0,R,3091.00,3131.00,3286.00,,3326.00;3326.50,,33.86141590260033
441,1,0,R,3092.00,3132.00,3287.00,,3327.00;3327.50,,33.92817430503381
442,1,0,R,3093.00,3133.00,3288.00,,3328.00;3328.50,,33.99489259426168
443,1,0,R,3094.00,3134.00,3289.00,,3329.00;3329.50,,34.06157080642739
444,1,0,R,3095.00,3135.00,3290.00,,3330.00;3330.50,,34.12820897763098
445,1,0,R,3096.00,3136.00,3291.00,,3331.00;3331.50,,34.19480714392916
446,1,0,R,3097.00,3137.00,3292.00,,3332.00;3332.50,,34.261365341335335
447,1,0,R,3098.00,3138.00,3293.00,,3333.00;3333.50,,34.32788360581971
448,1,0,R,3099.00,3139.00,3294.00,,3334.00;3334.50,,34.394361973309344
449,0,0,R,3304.00,3344.00,3499.00,,3539.00;3539.50,,32.47464331120215
450,0,0,R,3305.00,3345.00,3500.00,,3540.00;3540.50,,32.53777715012004
451,0,0,R,3306.00,3346.00,3501.00,,3541.00;3541.50,,32.600875335309894
452,0,0,R,3307.00,3347.00,3502.00,,3542.00;3542.50,,32.66393789696542
453,0,0,R,3308.00,3348.00,3503.00,,3543.00;3543.50,,32.726964865246224
454,0,0,R,3309.00,3349.00,3504.00,,3544.00;3544.50,,32.7899562702779
455,0,0,R,3310.00,3350.00,3505.00,,3545.00;3545.50,,32.85291214215202
456,0,0,R,3311.00,3351.00,3506.00,,3546.00;3546.50,,32.915832510926265
457,0,0,R,3312.00,3352.00,3507.00,,3547.00;3547.50,,32.978717406624384
458,0,0,R,3313.00,3353.00,3508.00,,3548.00;3548.50,,33.0415668592363
459,0,0,R,3314.00,3354.00,3509.00,,3549.00;3549.50,,33.10438089871813
460,0,0,R,3315.00,3355.00,3510.00,,3550.00;3550.50,,33.16715955499225
461,0,0,R,3316.00,3356.00,3511.00,,3551.00;3551.50,,33.229902857947344
462,0,0,R,3317.00,3357.00,3512.00,,3552.00;3552.50,,33.292610837438424
463,0,0,R,3318.00,3358.00,3513.00,,3553.00;3553.50,,33.3552835232869
464,0,0,R,3319.00,3359.00,3514.00,,3554.00;3554.50,,33.41792094528063
465,1,0,R,3320.00,3360.00,3515.00,,3555.00;3555.50,,33.48052313317395
466,1,0,R,3321.00,3361.00,3516.00,,3556.00;3556.50,,33.54309011668776
467,1,0,R,3322.00,3362.00,3517.00,,3557.00;3557.50,,33.60562192550949
468,1,0,R,3323.00,3363.00,3518.00,,3558.00;3558.50,,33.66811858929324
469,1,0,R,3324.00,3364.00,3519.00,,3559.00;3559.50,,33.730580137659786
470,1,0,R,3325.00,3365.00,3520.00,,3560.00;3560.50,,33.7930066001966
471,1,0,R,3326.00,3366.00,3521.00,,3561.00;3561.50,,33.85539800645795
472,1,0,R,3327.00,3367.00,3522.00,,3562.00;3562.50,,33.91775438596491
473,1,0,R,3328.00,3368.00,3523.00,,3563.00;3563.50,,33.98007576820542
474,1,0,R,3329.00,3369.00,3524.00,,3564.00;3564.50,,34.042362182634314
475,1,0,R,3330.00,3370.00,3525.00,,3565.00;3565.50,,34.1046136586734
476,1,0,R,3331.00,3371.00,3526.00,,3566.00;3566.50,,34.16683022571148
477,1,0,R,3332.00,3372.00,3527.00,,3567.00;3567.50,,34.229011913104415
478,1,0,R,3333.00,3373.00,3528.00,,3568.00;3568.50,,34.29115875017514
479,1,0,R,3334.00,3374.00,3529.00,,3569.00;3569.50,,34.353270766213754
480,1,0,R,3335.00,3375.00,3530.00,,3570.00;3570.50,,34.41534799047752
481,0,0,R,3540.00,3580.00,3735.00,,3775.00;3775.50,,32.61448814726526
482,0,0,R,3541.00,3581.00,3736.00,,3776.00;3776.50,,32.67363961339865
483,0,0,R,3542.00,3582.00,3737.00,,3777.00;3777.50,,32.73275976174719
484,0,0,R,3543.00,3583.00,3738.00,,3778.00;3778.50,,32.79184861717613
485,0,0,R,3544.00,3584.00,3739.00,,3779.00;3779.50,,32.85090620452441
486,0,0,R,3545.00,3585.00,3740.00,,3780.00;3780.50,,32.90993254860468
487,0,0,R,3546.00,3586.00,3741.00,,3781.00;3781.50,,32.96892767420336
488,0,0,R,3547.00,3587.00,3742.00,,3782.00;3782.50,,33.02789160608064
489,0,0,R,3548.00,3588.00,3743.00,,3783.00;3783.50,,33.08682436897053
490,0,0,R,3549.00,3589.00,3744.00,,3784.00;3784.50,,33.145725987580924
491,0,0,R,3550.00,3590.00,3745.00,,3785.00;3785.50,,33.20459648659358
492,0,0,R,3551.00,3591.00,3746.00,,3786.00;3786.50,,33.263435890664205
493,0,0,R,3552.00,3592.00,3747.00,,3787.00;3787.50,,33.32224422442244
494,0,0,R,3553.00,3593.00,3748.00,,3788.00;3788.50,,33.38102151247195
495,0,0,R,3554.00,3594.00,3749.00,,3789.00;3789.50,,33.43976777939042
496,0,0,R,3555.00,3595.00,3750.00,,3790.00;3790.50,,33.498483049729586
497,1,0,R,3556.00,3596.00,3751.00,,3791.00;3791.50,,33.5571673480153
498,1,0,R,3557.00,3597.00,3752.00,,3792.00;3792.50,,33.61582069874753
499,1,0,R,3558.00,3598.00,3753.00,,3793.00;3793.50,,33.67444312640042
500,1,0,R,3559.00,3599.00,3754.00,,3794.00;3794.50,,33.73303465542232
501,1,0,R,3560.00,3600.00,3755.00,,3795.00;3795.50,,33.791595310235806
502,1,0,R,3561.00,3601.00,3756.00,,3796.00;3796.50,,33.85012511523772
503,1,0,R,3562.00,3602.00,3757.00,,3797.00;3797.50,,33.90862409479921
504,1,0,R,3563.00,3603.00,3758.00,,3798.00;3798.50,,33.96709227326576
505,1,0,R,3564.00,3604.00,3759.00,,3799.00;3799.50,,34.025529674957234
506,1,0,R,3565.00,3605.00,3760.00,,3800.00;3800.50,,34.08393632416787
507,1,0,R,3566.00,3606.00,3761.00,,3801.00;3801.50,,34.14231224516638
508,1,0,R,3567.00,3607.00,3762.00,,3802.00;3802.50,,34.20065746219592
509,1,0,R,3568.00,3608.00,3763.00,,3803.00;3803.50,,34.25897199947417
510,1,0,R,3569.00,3609.00,3764.00,,3804.00;3804.50,,34.317255881193326
511,1,0,R,3570.00,3610.00,3765.00,,3805.00;3805.50,,34.37550913152017
512,1,0,R,3571.00,3611.00,3766.00,,3806.00;3806.50,,34.43373177459608
513,0,0,R,3776.00,3816.00,3971.00,,4011.00;4011.50,,32.737878599027795
514,0,0,R,3777.00,3817.00,3972.00,,4012.00;4012.50,,32.79352024922118
515,0,0,R,3778.00,3818.00,3973.00,,4013.00;4013.50,,32.84913417216893
516,0,0,R,3779.00,3819.00,3974.00,,4014.00;4014.50,,32.90472038859136
517,0,0,R,3780.00,3820.00,3975.00,,4015.00;4015.50,,32.96027891918815
518,0,0,R,3781.00,3821.00,3976.00,,4016.00;4016.50,,33.015809784638364
519,0,0,R,3782.00,3822.00,3977.00,,4017.00;4017.50,,33.0713130056005
520,0,0,R,3783.00,3823.00,3978.00,,4018.00;4018.50,,33.12678860271245
521,0,0,R,3784.00,3824.00,3979.00,,4019.00;4019.50,,33.182236596591615
522,0,0,R,3785.00,3825.00,3980.00,,4020.00;4020.50,,33.23765700783485
523,0,0,R,3786.00,3826.00,3981.00,,4021.00;4021.50,,33.293049857018524
524,0,0,R,3787.00,3827.00,3982.00,,4022.00;4022.50,,33.34841516469857
525,0,0,R,3788.00,3828.00,3983.00,,4023.00;4023.50,,33.40375295141046
526,0,0,R,3789.00,3829.00,3984.00,,4024.00;4024.50,,33.45906323766928
527,0,0,R,3790.00,3830.00,3985.00,,4025.00;4025.50,,33.514346043969695
528,0,0,R,3791.00,3831.00,3986.00,,4026.00;4026.50,,33.56960139078604
529,1,0,R,3792.00,3832.00,3987.00,,4027.00;4027.50,,33.624829298572315
530,1,0,R,3793.00,3833.00,3988.00,,4028.00;4028.50,,33.680029787762194
531,1,0,R,3794.00,3834.00,3989.00,,4029.00;4029.50,,33.73520287876908
532,1,0,R,3795.00,3835.00,3990.00,,4030.00;4030.50,,33.7903485919861
533,1,0,R,3796.00,3836.00,3991.00,,4031.00;4031.50,,33.845466947786186
534,1,0,R,3797.00,3837.00,3992.00,,4032.00;4032.50,,33.90055796652201
535,1,0,R,3798.00,3838.00,3993.00,,4033.00;4033.50,,33.95562166852609
536,1,0,R,3799.00,3839.00,3994.00,,4034.00;4034.50,,34.01065807411079
537,1,0,R,3800.00,3840.00,3995.00,,4035.00;4035.50,,34.06566720356833
538,1,0,R,3801.00,3841.00,3996.00,,4036.00;4036.50,,34.12064907717082
539,1,0,R,3802.00,3842.00,3997.00,,4037.00;4037.50,,34.175603715170276
540,1,0,R,3803.00,3843.00,3998.00,,4038.00;4038.50,,34.230531137798685
541,1,0,R,3804.00,3844.00,3999.00,,4039.00;4039.50,,34.28543136526798
542,1,0,R,3805.00,3845.00,4000.00,,4040.00;4040.50,,34.34030441777008
543,1,0,R,3806.00,3846.00,4001.00,,4041.00;4041.50,,34.395150315476926
544,1,0,R,3807.00,3847.00,4002.00,,4042.00;4042.50,,34.449969078540505
545,0,0,R,4012.00,4052.00,4207.00,,4247.00;4247.50,,32.84755738669806
546,0,0,R,4013.00,4053.00,4208.00,,4248.00;4248.50,,32.90008238201718
547,0,0,R,4014.00,4054.00,4209.00,,4249.00;4249.50,,32.95258265678315
548,0,0,R,4015.00,4055.00,4210.00,,4250.00;4250.50,,33.005058228443716
549,0,0,R,4016.00,4056.00,4211.00,,4251.00;4251.50,,33.057509114430204
550,0,0,R,4017.00,4057.00,4212.00,,4252.00;4252.50,,33.109935332157555
551,0,0,R,4018.00,4058.00,4213.00,,4253.00;4253.50,,33.16233689902433
552,0,0,R,4019.00,4059.00,4214.00,,4254.00;4254.50,,33.21471383241274
553,0,0,R,4020.00,4060.00,4215.00,,4255.00;4255.50,,33.26706614968864
554,0,0,R,4021.00,4061.00,4216.00,,4256.00;4256.50,,33.31939386820157
555,0,0,R,4022.00,4062.00,4217.00,,4257.00;4257.50,,33.371697005284794
556,0,0,R,4023.00,4063.00,4218.00,,4258.00;4258.50,,33.42397557825525
557,0,0,R,4024.00,4064.00,4219.00,,4259.00;4259.50,,33.47622960441366
558,0,0,R,4025.00,4065.00,4220.00,,4260.00;4260.50,,33.528459101044476
559,0,0,R,4026.00,4066.00,4221.00,,4261.00;4261.50,,33.58066408541593
560,0,0,R,4027.00,4067.00,4222.00,,4262.00;4262.50,,33.63284457478006
561,1,0,R,4028.00,4068.00,4223.00,,4263.00;4263.50,,33.6850005863727
562,1,0,R,4029.00,4069.00,4224.00,,4264.00;4264.50,,33.73713213741353
563,1,0,R,4030.00,4070.00,4225.00,,4265.00;4265.50,,33.78923924510608
564,1,0,R,4031.00,4071.00,4226.00,,4266.00;4266.50,,33.84132192663776
565,1,0,R,4032.00,4072.00,4227.00,,4267.00;4267.50,,33.893380199179845
566,1,0,R,4033.00,4073.00,4228.00,,4268.00;4268.50,,33.94541407988755
567,1,0,R,4034.00,4074.00,4229.00,,4269.00;4269.50,,33.99742358589999
568,1,0,R,4035.00,4075.00,4230.00,,4270.00;4270.50,,34.04940873434024
569,1,0,R,4036.00,4076.00,4231.00,,4271.00;4271.50,,34.10136954231535
570,1,0,R,4037.00,4077.00,4232.00,,4272.00;4272.50,,34.153306026916326
571,1,0,R,4038.00,4078.00,4233.00,,4273.00;4273.50,,34.2052182052182
572,1,0,R,4039.00,4079.00,4234.00,,4274.00;4274.50,,34.25710609428003
573,1,0,R,4040.00,4080.00,4235.00,,4275.00;4275.50,,34.3089697111449
574,1,0,R,4041.00,4081.00,4236.00,,4276.00;4276.50,,34.36080907283994
575,1,0,R,4042.00,4082.00,4237.00,,4277.00;4277.50,,34.412624196376385
576,1,0,R,4043.00,4083.00,4238.00,,4278.00;4278.50,,34.46441509874956
577,0,0,R,4248.00,4288.00,4443.00,,4483.00;4483.50,,32.94568975131036
578,0,0,R,4249.00,4289.00,4444.00,,4484.00;4484.50,,32.9954286988516
579,0,0,R,4250.00,4290.00,4445.00,,4485.00;4485.50,,33.045145468732585
580,0,0,R,4251.00,4291.00,4446.00,,4486.00;4486.50,,33.094840075782905
581,0,0,R,4252.00,4292.00,4447.00,,4487.00;4487.50,,33.14451253481894
582,0,0,R,4253.00,4293.00,4448.00,,4488.00;4488.50,,33.194162860643864
583,0,0,R,4254.00,4294.00,4449.00,,4489.00;4489.50,,33.24379106804766
584,0,0,R,4255.00,4295.00,4450.00,,4490.00;4490.50,,33.29339717180715
585,0,0,R,4256.00,4296.00,4451.00,,4491.00;4491.50,,33.34298118668596
586,0,0,R,4257.00,4297.00,4452.00,,4492.00;4492.50,,33.392543127434614
587,0,0,R,4258.00,4298.00,4453.00,,4493.00;4493.50,,33.442083008790476
588,0,0,R,4259.00,4299.00,4454.00,,4494.00;4494.50,,33.491600845477805
589,0,0,R,4260.00,4300.00,4455.00,,4495.00;4495.50,,33.54109665220776
590,0,0,R,4261.00,4301.00,4456.00,,4496.00;4496.50,,33.590570443678416
591,0,0,R,4262.00,4302.00,4457.00,,4497.00;4497.50,,33.640022234574765
592,0,0,R,4263.00,4303.00,4458.00,,4498.00;4498.50,,33.68945203956874
593,1,0,R,4264.00,4304.00,4459.00,,4499.00;4499.50,,33.73885987331926
594,1,0,R,4265.00,4305.00,4460.00,,4500.00;4500.50,,33.78824575047217
595,1,0,R,4266.00,4306.00,4461.00,,4501.00;4501.50,,33.83760968566033
596,1,0,R,4267.00,4307.00,4462.00,,4502.00;4502.50,,33.88695169350361
597,1,0,R,4268.00,4308.00,4463.00,,4503.00;4503.50,,33.93627178860886
598,1,0,R,4269.00,4309.00,4464.00,,4504.00;4504.50,,33.98556998556999
599,1,0,R,4270.00,4310.00,4465.00,,4505.00;4505.50,,34.03484629896793
600,1,0,R,4271.00,4311.00,4466.00,,4506.00;4506.50,,34.08410074337068
601,1,0,R,4272.00,4312.00,4467.00,,4507.00;4507.50,,34.13333333333333
602,1,0,R,4273.00,4313.00,4468.00,,4508.00;4508.50,,34.18254408339803
603,1,0,R,4274.00,4314.00,4469.00,,4509.00;4509.50,,34.231733008094025
604,1,0,R,4275.00,4315.00,4470.00,,4510.00;4510.50,,34.2809001219377
605,1,0,R,4276.00,4316.00,4471.00,,4511.00;4511.50,,34.33004543943256
606,1,0,R,4277.00,4317.00,4472.00,,4512.00;4512.50,,34.379168975069256
607,1,0,R,4278.00,4318.00,4473.00,,4513.00;4513.50,,34.42827074332558
608,1,0,R,4279.00,4319.00,4474.00,,4514.00;4514.50,,34.47735075866652
609,0,0,R,4484.00,4524.00,4679.00,,4719.00;4719.50,,33.03400783981354
610,0,0,R,4485.00,4525.00,4680.00,,4720.00;4720.50,,33.08124139392014
611,0,0,R,4486.00,4526.00,4681.00,,4721.00;4721.50,,33.12845494016732
612,0,0,R,4487.00,4527.00,4682.00,,4722.00;4722.50,,33.17564849126522
613,0,0,R,4488.00,4528.00,4683.00,,4723.00;4723.50,,33.2228220599132
614,0,0,R,4489.00,4529.00,4684.00,,4724.00;4724.50,,33.26997565879987
615,0,0,R,4490.00,4530.00,4685.00,,4725.00;4725.50,,33.317109300603114
616,0,0,R,4491.00,4531.00,4686.00,,4726.00;4726.50,,33.364222997990055
617,0,0,R,4492.00,4532.00,4687.00,,4727.00;4727.50,,33.41131676361714
618,0,0,R,4493.00,4533.00,4688.00,,4728.00;4728.50,,33.45839061013006
619,0,0,R,4494.00,4534.00,4689.00,,4729.00;4729.50,,33.505444550163865
620,0,0,R,4495.00,4535.00,4690.00,,4730.00;4730.50,,33.55247859634288
621,0,0,R,4496.00,4536.00,4691.00,,4731.00;4731.50,,33.59949276128078
622,0,0,R,4497.00,4537.00,4692.00,,4732.00;4732.50,,33.64648705758056
623,0,0,R,4498.00,4538.00,4693.00,,4733.00;4733.50,,33.69346149783458
624,0,0,R,4499.00,4539.00,4694.00,,4734.00;4734.50,,33.740416094624564
625,1,0,R,4500.00,4540.00,4695.00,,4735.00;4735.50,,33.78735086052159
626,1,0,R,4501.00,4541.00,4696.00,,4736.00;4736.50,,33.83426580808614
627,1,0,R,4502.00,4542.00,4697.00,,4737.00;4737.50,,33.881160949868075
628,1,0,R,4503.00,4543.00,4698.00,,4738.00;4738.50,,33.92803629840667
629,1,0,R,4504.00,4544.00,4699.00,,4739.00;4739.50,,33.974891866230614
630,1,0,R,4505.00,4545.00,4700.00,,4740.00;4740.50,,34.02172766585803
631,1,0,R,4506.00,4546.00,4701.00,,4741.00;4741.50,,34.06854370979648
632,1,0,R,4507.00,4547.00,4702.00,,4742.00;4742.50,,34.115340010542965
633,1,0,R,4508.00,4548.00,4703.00,,4743.00;4743.50,,34.162116580583955
634,1,0,R,4509.00,4549.00,4704.00,,4744.00;4744.50,,34.20887343239541
635,1,0,R,4510.00,4550.00,4705.00,,4745.00;4745.50,,34.255610578442734
636,1,0,R,4511.00,4551.00,4706.00,,4746.00;4746.50,,34.30232803118087
637,1,0,R,4512.00,4552.00,4707.00,,4747.00;4747.50,,34.34902580305424
638,1,0,R,4513.00,4553.00,4708.00,,4748.00;4748.50,,34.39570390649679
639,1,0,R,4514.00,4554.00,4709.00,,4749.00;4749.50,,34.44236235393199
640,1,0,R,4515.00,4555.00,4710.00,,4750.00;4750.50,,34.48900115777287
641,0,0,R,4720.00,4760.00,4915.00,,4955.00;4955.50,,33.11391383311472
642,0,0,R,4721.00,4761.00,4916.00,,4956.00;4956.50,,33.158882275799456
643,0,0,R,4722.00,4762.00,4917.00,,4957.00;4957.50,,33.20383257690368
644,0,0,R,4723.00,4763.00,4918.00,,4958.00;4958.50,,33.24876474740345
645,0,0,R,4724.00,4764.00,4919.00,,4959.00;4959.50,,33.29367879826595
646,0,0,R,4725.00,4765.00,4920.00,,4960.00;4960.50,,33.33857474044955
647,0,0,R,4726.00,4766.00,4921.00,,4961.00;4961.50,,33.38345258490376
648,0,0,R,4727.00,4767.00,4922.00,,4962.00;4962.50,,33.42831234256927
649,0,0,R,4728.00,4768.00,4923.00,,4963.00;4963.50,,33.47315402437796
650,0,0,R,4729.00,4769.00,4924.00,,4964.00;4964.50,,33.5179776412529
651,0,0,R,4730.00,4770.00,4925.00,,4965.00;4965.50,,33.56278320410835
652,0,0,R,4731.00,4771.00,4926.00,,4966.00;4966.50,,33.6075707238498
653,0,0,R,4732.00,4772.00,4927.00,,4967.00;4967.50,,33.65234021137393
654,0,0,R,4733.00,4773.00,4928.00,,4968.00;4968.50,,33.697091677568686
655,0,0,R,4734.00,4774.00,4929.00,,4969.00;4969.50,,33.74182513331321
656,0,0,R,4735.00,4775.00,4930.00,,4970.00;4970.50,,33.78654058947792
657,1,0,R,4736.00,4776.00,4931.00,,4971.00;4971.50,,33.83123805692447
658,1,0,R,4737.00,4777.00,4932.00,,4972.00;4972.50,,33.87591754650578
659,1,0,R,4738.00,4778.00,4933.00,,4973.00;4973.50,,33.92057906906605
660,1,0,R,4739.00,4779.00,4934.00,,4974.00;4974.50,,33.965222635440746
661,1,0,R,4740.00,4780.00,4935.00,,4975.00;4975.50,,34.009848256456635
662,1,0,R,4741.00,4781.00,4936.00,,4976.00;4976.50,,34.05445594293178
663,1,0,R,4742.00,4782.00,4937.00,,4977.00;4977.50,,34.09904570567554
664,1,0,R,4743.00,4783.00,4938.00,,4978.00;4978.50,,34.1436175554886
665,1,0,R,4744.00,4784.00,4939.00,,4979.00;4979.50,,34.18817150316297
666,1,0,R,4745.00,4785.00,4940.00,,4980.00;4980.50,,34.23270755948198
667,1,0,R,4746.00,4786.00,4941.00,,4981.00;4981.50,,34.27722573522031
668,1,0,R,4747.00,4787.00,4942.00,,4982.00;4982.50,,34.321726041144004
669,1,0,R,4748.00,4788.00,4943.00,,4983.00;4983.50,,34.366208488010436
670,1,0,R,4749.00,4789.00,4944.00,,4984.00;4984.50,,34.41067308656836
671,1,0,R,4750.00,4790.00,4945.00,,4985.00;4985.50,,34.45511984755792
672,1,0,R,4751.00,4791.00,4946.00,,4986.00;4986.50,,34.499548781710615
673,0,0,R,4956.00,4996.00,5151.00,,5191.00;5191.50,,33.18655494558413
674,0,0,R,4957.00,4997.00,5152.00,,5192.00;5192.50,,33.22946557534906
675,0,0,R,4958.00,4998.00,5153.00,,5193.00;5193.50,,33.272359680369696
676,0,0,R,4959.00,4999.00,5154.00,,5194.00;5194.50,,33.31523727018963
677,0,0,R,4960.00,5000.00,5155.00,,5195.00;5195.50,,33.35809835434511
678,0,0,R,4961.00,5001.00,5156.00,,5196.00;5196.50,,33.400942942365056
679,0,0,R,4962.00,5002.00,5157.00,,5197.00;5197.50,,33.443771043771044
680,0,0,R,4963.00,5003.00,5158.00,,5198.00;5198.50,,33.48658266807733
681,0,0,R,4964.00,5004.00,5159.00,,5199.00;5199.50,,33.52937782479084
682,0,0,R,4965.00,5005.00,5160.00,,5200.00;5200.50,,33.57215652341121
683,0,0,R,4966.00,5006.00,5161.00,,5201.00;5201.50,,33.614918773430745
684,0,0,R,4967.00,5007.00,5162.00,,5202.00;5202.50,,33.657664584334455
685,0,0,R,4968.00,5008.00,5163.00,,5203.00;5203.50,,33.70039396560008
686,0,0,R,4969.00,5009.00,5164.00,,5204.00;5204.50,,33.74310692669805
687,0,0,R,4970.00,5010.00,5165.00,,5205.00;5205.50,,33.78580347709154
688,0,0,R,4971.00,5011.00,5166.00,,5206.00;5206.50,,33.828483626236434
689,1,0,R,4972.00,5012.00,5167.00,,5207.00;5207.50,,33.87114738358137
690,1,0,R,4973.00,5013.00,5168.00,,5208.00;5208.50,,33.913794758567725
691,1,0,R,4974.00,5014.00,5169.00,,5209.00;5209.50,,33.95642576062962
692,1,0,R,4975.00,5015.00,5170.00,,5210.00;5210.50,,33.99904039919394
693,1,0,R,4976.00,5016.00,5171.00,,5211.00;5211.50,,34.041638683680326
694,1,0,R,4977.00,5017.00,5172.00,,5212.00;5212.50,,34.084220623501196
695,1,0,R,4978.00,5018.00,5173.00,,5213.00;5213.50,,34.12678622806176
696,1,0,R,4979.00,5019.00,5174.00,,5214.00;5214.50,,34.16933550676
697,1,0,R,4980.00,5020.00,5175.00,,5215.00;5215.50,,34.21186846898667
698,1,0,R,4981.00,5021.00,5176.00,,5216.00;5216.50,,34.25438512412537
699,1,0,R,4982.00,5022.00,5177.00,,5217.00;5217.50,,34.296885481552465
700,1,0,R,4983.00,5023.00,5178.00,,5218.00;5218.50,,34.33936955063716
701,1,0,R,4984.00,5024.00,5179.00,,5219.00;5219.50,,34.38183734074145
702,1,0,R,4985.00,5025.00,5180.00,,5220.00;5220.50,,34.42428886122019
703,1,0,R,4986.00,5026.00,5181.00,,5221.00;5221.50,,34.466724121421045
704,1,0,R,4987.00,5027.00,5182.00,,5222.00;5222.50,,34.509143130684535
705,0,0,R,5192.00,5232.00,5387.00,,5427.00;5427.50,,33.25287885766927
706,0,0,R,5193.00,5233.00,5388.00,,5428.00;5428.50,,33.29391176199687
707,0,0,R,5194.00,5234.00,5389.00,,5429.00;5429.50,,33.334929551524084
708,0,0,R,5195.00,5235.00,5390.00,,5430.00;5430.50,,33.37593223460087
709,0,0,R,5196.00,5236.00,5391.00,,5431.00;5431.50,,33.41691981957102
710,0,0,R,5197.00,5237.00,5392.00,,5432.00;5432.50,,33.4578923147722
711,0,0,R,5198.00,5238.00,5393.00,,5433.00;5433.50,,33.49884972853594
712,0,0,R,5199.00,5239.00,5394.00,,5434.00;5434.50,,33.5397920691876
713,0,0,R,5200.00,5240.00,5395.00,,5435.00;5435.50,,33.580719345046454
714,0,0,R,5201.00,5241.00,5396.00,,5436.00;5436.50,,33.62163156442564
715,0,0,R,5202.00,5242.00,5397.00,,5437.00;5437.50,,33.662528735632186
716,0,0,R,5203.00,5243.00,5398.00,,5438.00;5438.50,,33.703410866967
717,0,0,R,5204.00,5244.00,5399.00,,5439.00;5439.50,,33.74427796672488
718,0,0,R,5205.00,5245.00,5400.00,,5440.00;5440.50,,33.785130043194556
719,0,0,R,5206.00,5246.00,5401.00,,5441.00;5441.50,,33.825967104658645
720,0,0,R,5207.00,5247.00,5402.00,,5442.00;5442.50,,33.86678915939366
721,1,0,R,5208.00,5248.00,5403.00,,5443.00;5443.50,,33.90759621567007
722,1,0,R,5209.00,5249.00,5404.00,,5444.00;5444.50,,33.94838828175223
723,1,0,R,5210.00,5250.00,5405.00,,5445.00;5445.50,,33.98916536589845
724,1,0,R,5211.00,5251.00,5406.00,,5446.00;5446.50,,34.02992747636097
725,1,0,R,5212.00,5252.00,5407.00,,5447.00;5447.50,,34.070674621385955
726,1,0,R,5213.00,5253.00,5408.00,,5448.00;5448.50,,34.11140680921355
727,1,0,R,5214.00,5254.00,5409.00,,5449.00;5449.50,,34.1521240480778
728,1,0,R,5215.00,5255.00,5410.00,,5450.00;5450.50,,34.19282634620677
729,1,0,R,5216.00,5256.00,5411.00,,5451.00;5451.50,,34.23351371182243
730,1,0,R,5217.00,5257.00,5412.00,,5452.00;5452.50,,34.27418615314076
731,1,0,R,5218.00,5258.00,5413.00,,5453.00;5453.50,,34.31484367837169
732,1,0,R,5219.00,5259.00,5414.00,,5454.00;5454.50,,34.35548629571913
733,1,0,R,5220.00,5260.00,5415.00,,5455.00;5455.50,,34.396114013380995
734,1,0,R,5221.00,5261.00,5416.00,,5456.00;5456.50,,34.43672683954916
735,1,0,R,5222.00,5262.00,5417.00,,5457.00;5457.50,,34.477324782409525
736,1,0,R,5223.00,5263.00,5418.00,,5458.00;5458.50,,34.51790785014198
737,0,0,R,5428.00,5468.00,5623.00,,5663.00;5663.50,,33.31367528913216
738,0,0,R,5429.00,5469.00,5624.00,,5664.00;5664.50,,33.352987907140964
739,0,0,R,5430.00,5470.00,5625.00,,5665.00;5665.50,,33.392286647250906
740,0,0,R,5431.00,5471.00,5626.00,,5666.00;5666.50,,33.43157151680932
741,0,0,R,5432.00,5472.00,5627.00,,5667.00;5667.50,,33.47084252315836
742,0,0,R,5433.00,5473.00,5628.00,,5668.00;5668.50,,33.510099673635
743,0,0,R,5434.00,5474.00,5629.00,,5669.00;5669.50,,33.54934297557104
744,0,0,R,5435.00,5475.00,5630.00,,5670.00;5670.50,,33.5885724362931
745,0,0,R,5436.00,5476.00,5631.00,,5671.00;5671.50,,33.62778806312263
746,0,0,R,5437.00,5477.00,5632.00,,5672.00;5672.50,,33.66698986337594
747,0,0,R,5438.00,5478.00,5633.00,,5673.00;5673.50,,33.70617784436415
748,0,0,R,5439.00,5479.00,5634.00,,5674.00;5674.50,,33.74535201339325
749,0,0,R,5440.00,5480.00,5635.00,,5675.00;5675.50,,33.784512377764074
750,0,0,R,5441.00,5481.00,5636.00,,5676.00;5676.50,,33.823658944772305
751,0,0,R,5442.00,5482.00,5637.00,,5677.00;5677.50,,33.8627917217085
752,0,0,R,5443.00,5483.00,5638.00,,5678.00;5678.50,,33.90191071585806
753,1,0,R,5444.00,5484.00,5639.00,,5679.00;5679.50,,33.94101593450128
754,1,0,R,5445.00,5485.00,5640.00,,5680.00;5680.50,,33.9801073849133
755,1,0,R,5446.00,5486.00,5641.00,,5681.00;5681.50,,34.01918507436417
756,1,0,R,5447.00,5487.00,5642.00,,5682.00;5682.50,,34.058249010118786
757,1,0,R,5448.00,5488.00,5643.00,,5683.00;5683.50,,34.09729919943697
758,1,0,R,5449.00,5489.00,5644.00,,5684.00;5684.50,,34.136335649573404
759,1,0,R,5450.00,5490.00,5645.00,,5685.00;5685.50,,34.17535836777768
760,1,0,R,5451.00,5491.00,5646.00,,5686.00;5686.50,,34.21436736129429
761,1,0,R,5452.00,5492.00,5647.00,,5687.00;5687.50,,34.253362637362635
762,1,0,R,5453.00,5493.00,5648.00,,5688.00;5688.50,,34.29234420321702
763,1,0,R,5454.00,5494.00,5649.00,,5689.00;5689.50,,34.33131206608665
764,1,0,R,5455.00,5495.00,5650.00,,5690.00;5690.50,,34.37026623319568
765,1,0,R,5456.00,5496.00,5651.00,,5691.00;5691.50,,34.409206711763154
766,1,0,R,5457.00,5497.00,5652.00,,5692.00;5692.50,,34.44813350900307
767,1,0,R,5458.00,5498.00,5653.00,,5693.00;5693.50,,34.487046632124354
768,1,0,R,5459.00,5499.00,5654.00,,5694.00;5694.50,,34.52594608833085
769,0,0,R,5664.00,5704.00,5859.00,,5899.00;5899.50,,33.36960759386389
770,0,0,R,5665.00,5705.00,5860.00,,5900.00;5900.50,,33.40733836115584
771,0,0,R,5666.00,5706.00,5861.00,,5901.00;5901.50,,33.445056341608066
772,0,0,R,5667.00,5707.00,5862.00,,5902.00;5902.50,,33.48276154171961
773,0,0,R,5668.00,5708.00,5863.00,,5903.00;5903.50,,33.52045396798509
774,0,0,R,5669.00,5709.00,5864.00,,5904.00;5904.50,,33.558133626894744
775,0,0,R,5670.00,5710.00,5865.00,,5905.00;5905.50,,33.59580052493438
776,0,0,R,5671.00,5711.00,5866.00,,5906.00;5906.50,,33.63345466858546
777,0,0,R,5672.00,5712.00,5867.00,,5907.00;5907.50,,33.67109606432501
778,0,0,R,5673.00,5713.00,5868.00,,5908.00;5908.50,,33.70872471862571
779,0,0,R,5674.00,5714.00,5869.00,,5909.00;5909.50,,33.74634063795583
780,0,0,R,5675.00,5715.00,5870.00,,5910.00;5910.50,,33.78394382877929
781,0,0,R,5676.00,5716.00,5871.00,,5911.00;5911.50,,33.821534297555615
782,0,0,R,5677.00,5717.00,5872.00,,5912.00;5912.50,,33.85911205073996
783,0,0,R,5678.00,5718.00,5873.00,,5913.00;5913.50,,33.89667709478312
784,0,0,R,5679.00,5719.00,5874.00,,5914.00;5914.50,,33.93422943613154
785,1,0,R,5680.00,5720.00,5875.00,,5915.00;5915.50,,33.971769081227286
786,1,0,R,5681.00,5721.00,5876.00,,5916.00;5916.50,,34.00929603650807
787,1,0,R,5682.00,5722.00,5877.00,,5917.00;5917.50,,34.04681030840727
788,1,0,R,5683.00,5723.00,5878.00,,5918.00;5918.50,,34.08431190335389
789,1,0,R,5684.00,5724.00,5879.00,,5919.00;5919.50,,34.12180082777262
790,1,0,R,5685.00,5725.00,5880.00,,5920.00;5920.50,,34.159277088083776
791,1,0,R,5686.00,5726.00,5881.00,,5921.00;5921.50,,34.19674069070337
792,1,0,R,5687.00,5727.00,5882.00,,5922.00;5922.50,,34.23419164204306
793,1,0,R,5688.00,5728.00,5883.00,,5923.00;5923.50,,34.271629948510174
794,1,0,R,5689.00,5729.00,5884.00,,5924.00;5924.50,,34.30905561650772
795,1,0,R,5690.00,5730.00,5885.00,,5925.00;5925.50,,34.346468652434396
796,1,0,R,5691.00,5731.00,5886.00,,5926.00;5926.50,,34.38386906268455
797,1,0,R,5692.00,5732.00,5887.00,,5927.00;5927.50,,34.42125685364825
798,1,0,R,5693.00,5733.00,5888.00,,5928.00;5928.50,,34.458632031711225
799,1,0,R,5694.00,5734.00,5889.00,,5929.00;5929.50,,34.495994603254914
800,1,0,R,5695.00,5735.00,5890.00,,5930.00;5930.50,,34.53334457465644
801,0,0,R,5900.00,5940.00,6095.00,,6135.00;6135.50,,33.42123706299405
802,0,0,R,5901.00,5941.00,6096.00,,6136.00;6136.50,,33.457508351666256
803,0,0,R,5902.00,5942.00,6097.00,,6137.00;6137.50,,33.49376782077393
804,0,0,R,5903.00,5943.00,6098.00,,6138.00;6138.50,,33.53001547609351
805,0,0,R,5904.00,5944.00,6099.00,,6139.00;6139.50,,33.56625132339767
806,0,0,R,5905.00,5945.00,6100.00,,6140.00;6140.50,,33.60247536845534
807,0,0,R,5906.00,5946.00,6101.00,,6141.00;6141.50,,33.63868761703167
808,0,0,R,5907.00,5947.00,6102.00,,6142.00;6142.50,,33.674888074888074
809,0,0,R,5908.00,5948.00,6103.00,,6143.00;6143.50,,33.71107674778221
810,0,0,R,5909.00,5949.00,6104.00,,6144.00;6144.50,,33.74725364146798
811,0,0,R,5910.00,5950.00,6105.00,,6145.00;6145.50,,33.78341876169555
812,0,0,R,5911.00,5951.00,6106.00,,6146.00;6146.50,,33.81957211421134
813,0,0,R,5912.00,5952.00,6107.00,,6147.00;6147.50,,33.85571370475803
814,0,0,R,5913.00,5953.00,6108.00,,6148.00;6148.50,,33.89184353907457
815,0,0,R,5914.00,5954.00,6109.00,,6149.00;6149.50,,33.92796162289617
816,0,0,R,5915.00,5955.00,6110.00,,6150.00;6150.50,,33.96406796195431
817,1,0,R,5916.00,5956.00,6111.00,,6151.00;6151.50,,34.00016256197675
818,1,0,R,5917.00,5957.00,6112.00,,6152.00;6152.50,,34.03624542868752
819,1,0,R,5918.00,5958.00,6113.00,,6153.00;6153.50,,34.072316567806936
820,1,0,R,5919.00,5959.00,6114.00,,6154.00;6154.50,,34.10837598505159
821,1,0,R,5920.00,5960.00,6115.00,,6155.00;6155.50,,34.14442368613435
822,1,0,R,5921.00,5961.00,6116.00,,6156.00;6156.50,,34.18045967676439
823,1,0,R,5922.00,5962.00,6117.00,,6157.00;6157.50,,34.21648396264718
824,1,0,R,5923.00,5963.00,6118.00,,6158.00;6158.50,,34.252496549484455
825,1,0,R,5924.00,5964.00,6119.00,,6159.00;6159.50,,34.28849744297427
826,1,0,R,5925.00,5965.00,6120.00,,6160.00;6160.50,,34.324486648810975
827,1,0,R,5926.00,5966.00,6121.00,,6161.00;6161.50,,34.36046417268522
828,1,0,R,5927.00,5967.00,6122.00,,6162.00;6162.50,,34.39643002028397
829,1,0,R,5928.00,5968.00,6123.00,,6163.00;6163.50,,34.4323841972905
830,1,0,R,5929.00,5969.00,6124.00,,6164.00;6164.50,,34.46832670938438
831,1,0,R,5930.00,5970.00,6125.00,,6165.00;6165.50,,34.504257562241506
832,1,0,R,5931.00,5971.00,6126.00,,6166.00;6166.50,,34.5401767615341
833,0,0,R,6136.00,6176.00,6331.00,,6371.00;6371.50,,33.46904182688535
834,0,0,R,6137.00,6177.00,6332.00,,6372.00;6372.50,,33.50396233817183
835,0,0,R,6138.00,6178.00,6333.00,,6373.00;6373.50,,33.53887189142544
836,0,0,R,6139.00,6179.00,6334.00,,6374.00;6374.50,,33.57377049180328
837,0,0,R,6140.00,6180.00,6335.00,,6375.00;6375.50,,33.608658144459255
838,0,0,R,6141.00,6181.00,6336.00,,6376.00;6376.50,,33.64353485454403
839,0,0,R,6142.00,6182.00,6337.00,,6377.00;6377.50,,33.678400627205015
840,0,0,R,6143.00,6183.00,6338.00,,6378.00;6378.50,,33.71325546758642
841,0,0,R,6144.00,6184.00,6339.00,,6379.00;6379.50,,33.74809938082922
842,0,0,R,6145.00,6185.00,6340.00,,6380.00;6380.50,,33.78293237207115
843,0,0,R,6146.00,6186.00,6341.00,,6381.00;6381.50,,33.81775444644676
844,0,0,R,6147.00,6187.00,6342.00,,6382.00;6382.50,,33.85256560908735
845,0,0,R,6148.00,6188.00,6343.00,,6383.00;6383.50,,33.88736586512101
846,0,0,R,6149.00,6189.00,6344.00,,6384.00;6384.50,,33.922155219672646
847,0,0,R,6150.00,6190.00,6345.00,,6385.00;6385.50,,33.95693367786391
848,0,0,R,6151.00,6191.00,6346.00,,6386.00;6386.50,,33.99170124481328
849,1,0,R,6152.00,6192.00,6347.00,,6387.00;6387.50,,34.02645792563601
850,1,0,R,6153.00,6193.00,6348.00,,6388.00;6388.50,,34.06120372544416
851,1,0,R,6154.00,6194.00,6349.00,,6389.00;6389.50,,34.095938649346586
852,1,0,R,6155.00,6195.00,6350.00,,6390.00;6390.50,,34.130662702448944
853,1,0,R,6156.00,6196.00,6351.00,,6391.00;6391.50,,34.16537588985371
854,1,0,R,6157.00,6197.00,6352.00,,6392.00;6392.50,,34.200078216660145
855,1,0,R,6158.00,6198.00,6353.00,,6393.00;6393.50,,34.23476968796434
856,1,0,R,6159.00,6199.00,6354.00,,6394.00;6394.50,,34.26945030885918
857,1,0,R,6160.00,6200.00,6355.00,,6395.00;6395.50,,34.304120084434366
858,1,0,R,6161.00,6201.00,6356.00,,6396.00;6396.50,,34.33877901977644
859,1,0,R,6162.00,6202.00,6357.00,,6397.00;6397.50,,34.37342711996874
860,1,0,R,6163.00,6203.00,6358.00,,6398.00;6398.50,,34.408064390091425
861,1,0,R,6164.00,6204.00,6359.00,,6399.00;6399.50,,34.442690835221505
862,1,0,R,6165.00,6205.00,6360.00,,6400.00;6400.50,,34.47730646043278
863,1,0,R,6166.00,6206.00,6361.00,,6401.00;6401.50,,34.511911270795906
864,1,0,R,6167.00,6207.00,6362.00,,6402.00;6402.50,,34.546505271378365
865,0,0,R,6372.00,6412.00,6567.00,,6607.00;6607.50,,33.51343170639425
866,0,0,R,6373.00,6413.00,6568.00,,6608.00;6608.50,,33.54709843383521
867,0,0,R,6374.00,6414.00,6569.00,,6609.00;6609.50,,33.5807549739012
868,0,0,R,6375.00,6415.00,6570.00,,6610.00;6610.50,,33.61440133121549
869,0,0,R,6376.00,6416.00,6571.00,,6611.00;6611.50,,33.648037510398545
870,0,0,R,6377.00,6417.00,6572.00,,6612.00;6612.50,,33.681663516068056
871,0,0,R,6378.00,6418.00,6573.00,,6613.00;6613.50,,33.71527935283889
872,0,0,R,6379.00,6419.00,6574.00,,6614.00;6614.50,,33.748885025323155
873,0,0,R,6380.00,6420.00,6575.00,,6615.00;6615.50,,33.78248053813015
874,0,0,R,6381.00,6421.00,6576.00,,6616.00;6616.50,,33.816065895866394
875,0,0,R,6382.00,6422.00,6577.00,,6617.00;6617.50,,33.849641103135625
876,0,0,R,6383.00,6423.00,6578.00,,6618.00;6618.50,,33.88320616453879
877,0,0,R,6384.00,6424.00,6579.00,,6619.00;6619.50,,33.91676108467407
878,0,0,R,6385.00,6425.00,6580.00,,6620.00;6620.50,,33.950305868136844
879,0,0,R,6386.00,6426.00,6581.00,,6621.00;6621.50,,33.983840519519745
880,0,0,R,6387.00,6427.00,6582.00,,6622.00;6622.50,,34.01736504341261
881,1,0,R,6388.00,6428.00,6583.00,,6623.00;6623.50,,34.050879444402504
882,1,0,R,6389.00,6429.00,6584.00,,6624.00;6624.50,,34.08438372707374
883,1,0,R,6390.00,6430.00,6585.00,,6625.00;6625.50,,34.11787789600785
884,1,0,R,6391.00,6431.00,6586.00,,6626.00;6626.50,,34.1513619557836
885,1,0,R,6392.00,6432.00,6587.00,,6627.00;6627.50,,34.18483591097699
886,1,0,R,6393.00,6433.00,6588.00,,6628.00;6628.50,,34.21829976616127
887,1,0,R,6394.00,6434.00,6589.00,,6629.00;6629.50,,34.25175352590693
888,1,0,R,6395.00,6435.00,6590.00,,6630.00;6630.50,,34.28519719478169
889,1,0,R,6396.00,6436.00,6591.00,,6631.00;6631.50,,34.31863077735052
890,1,0,R,6397.00,6437.00,6592.00,,6632.00;6632.50,,34.35205427817565
891,1,0,R,6398.00,6438.00,6593.00,,6633.00;6633.50,,34.38546770181654
892,1,0,R,6399.00,6439.00,6594.00,,6634.00;6634.50,,34.41887105282991
893,1,0,R,6400.00,6440.00,6595.00,,6635.00;6635.50,,34.452264335769726
894,1,0,R,6401.00,6441.00,6596.00,,6636.00;6636.50,,34.48564755518722
895,1,0,R,6402.00,6442.00,6597.00,,6637.00;6637.50,,34.51902071563089
896,1,0,R,6403.00,6443.00,6598.00,,6638.00;6638.50,,34.55238382164646
897,0,0,R,6608.00,6648.00,6803.00,,6843.00;6843.50,,33.55475999123256
898,0,0,R,6609.00,6649.00,6804.00,,6844.00;6844.50,,33.5872598436701
899,0,0,R,6610.00,6650.00,6805.00,,6845.00;6845.50,,33.61975020086188
900,0,0,R,6611.00,6651.00,6806.00,,6846.00;6846.50,,33.652231066968525
901,0,0,R,6612.00,6652.00,6807.00,,6847.00;6847.50,,33.68470244614823
902,0,0,R,6613.00,6653.00,6808.00,,6848.00;6848.50,,33.717164342556764
903,0,0,R,6614.00,6654.00,6809.00,,6849.00;6849.50,,33.74961676034747
904,0,0,R,6615.00,6655.00,6810.00,,6850.00;6850.50,,33.782059703671266
905,0,0,R,6616.00,6656.00,6811.00,,6851.00;6851.50,,33.81449317667664
906,0,0,R,6617.00,6657.00,6812.00,,6852.00;6852.50,,33.84691718350967
907,0,0,R,6618.00,6658.00,6813.00,,6853.00;6853.50,,33.879331728314
908,0,0,R,6619.00,6659.00,6814.00,,6854.00;6854.50,,33.91173681523087
909,0,0,R,6620.00,6660.00,6815.00,,6855.00;6855.50,,33.944132448399095
910,0,0,R,6621.00,6661.00,6816.00,,6856.00;6856.50,,33.97651863195508
911,0,0,R,6622.00,6662.00,6817.00,,6857.00;6857.50,,34.00889537003281
912,0,0,R,6623.00,6663.00,6818.00,,6858.00;6858.50,,34.04126266676387
913,1,0,R,6624.00,6664.00,6819.00,,6859.00;6859.50,,34.07362052627742
914,1,0,R,6625.00,6665.00,6820.00,,6860.00;6860.50,,34.10596895270024
915,1,0,R,6626.00,6666.00,6821.00,,6861.00;6861.50,,34.13830795015667
916,1,0,R,6627.00,6667.00,6822.00,,6862.00;6862.50,,34.17063752276867
917,1,0,R,6628.00,6668.00,6823.00,,6863.00;6863.50,,34.202957674655785
918,1,0,R,6629.00,6669.00,6824.00,,6864.00;6864.50,,34.23526840993517
919,1,0,R,6630.00,6670.00,6825.00,,6865.00;6865.50,,34.267569732721576
920,1,0,R,6631.00,6671.00,6826.00,,6866.00;6866.50,,34.29986164712736
921,1,0,R,6632.00,6672.00,6827.00,,6867.00;6867.50,,34.33214415726247
922,1,0,R,6633.00,6673.00,6828.00,,6868.00;6868.50,,34.36441726723448
923,1,0,R,6634.00,6674.00,6829.00,,6869.00;6869.50,,34.396680981148556
924,1,0,R,6635.00,6675.00,6830.00,,6870.00;6870.50,,34.42893530310749
925,1,0,R,6636.00,6676.00,6831.00,,6871.00;6871.50,,34.46118023721167
926,1,0,R,6637.00,6677.00,6832.00,,6872.00;6872.50,,34.493415787559115
927,1,0,R,6638.00,6678.00,6833.00,,6873.00;6873.50,,34.52564195824544
928,1,0,R,6639.00,6679.00,6834.00,,6874.00;6874.50,,34.55785875336388
929,0,0,R,6844.00,6884.00,7039.00,,7079.00;7079.50,,33.593332862490286
930,0,0,R,6845.00,6885.00,7040.00,,7080.00;7080.50,,33.62474401525316
931,0,0,R,6846.00,6886.00,7041.00,,7081.00;7081.50,,33.656146296688554
932,0,0,R,6847.00,6887.00,7042.00,,7082.00;7082.50,,33.687539710554184
933,0,0,R,6848.00,6888.00,7043.00,,7083.00;7083.50,,33.71892426060563
934,0,0,R,6849.00,6889.00,7044.00,,7084.00;7084.50,,33.75029995059637
935,0,0,R,6850.00,6890.00,7045.00,,7085.00;7085.50,,33.78166678427775
936,0,0,R,6851.00,6891.00,7046.00,,7086.00;7086.50,,33.813024765399
937,0,0,R,6852.00,6892.00,7047.00,,7087.00;7087.50,,33.84437389770723
938,0,0,R,6853.00,6893.00,7048.00,,7088.00;7088.50,,33.87571418494745
939,0,0,R,6854.00,6894.00,7049.00,,7089.00;7089.50,,33.90704563086254
940,0,0,R,6855.00,6895.00,7050.00,,7090.00;7090.50,,33.93836823919329
941,0,0,R,6856.00,6896.00,7051.00,,7091.00;7091.50,,33.969682013678344
942,0,0,R,6857.00,6897.00,7052.00,,7092.00;7092.50,,34.000986958054284
943,0,0,R,6858.00,6898.00,7053.00,,7093.00;7093.50,,34.03228307605554
944,0,0,R,6859.00,6899.00,7054.00,,7094.00;7094.50,,34.06357037141448
945,1,0,R,6860.00,6900.00,7055.00,,7095.00;7095.50,,34.09484884786132
946,1,0,R,6861.00,6901.00,7056.00,,7096.00;7096.50,,34.12611850912422
947,1,0,R,6862.00,6902.00,7057.00,,7097.00;7097.50,,34.1573793589292
948,1,0,R,6863.00,6903.00,7058.00,,7098.00;7098.50,,34.18863140100021
949,1,0,R,6864.00,6904.00,7059.00,,7099.00;7099.50,,34.219874639059086
950,1,0,R,6865.00,6905.00,7060.00,,7100.00;7100.50,,34.25110907682558
951,1,0,R,6866.00,6906.00,7061.00,,7101.00;7101.50,,34.28233471801732
952,1,0,R,6867.00,6907.00,7062.00,,7102.00;7102.50,,34.31355156634988
953,1,0,R,6868.00,6908.00,7063.00,,7103.00;7103.50,,34.34475962553671
954,1,0,R,6869.00,6909.00,7064.00,,7104.00;7104.50,,34.37595889928918
955,1,0,R,6870.00,6910.00,7065.00,,7105.00;7105.50,,34.40714939131659
956,1,0,R,6871.00,6911.00,7066.00,,7106.00;7106.50,,34.43833110532611
957,1,0,R,6872.00,6912.00,7067.00,,7107.00;7107.50,,34.469504045022866
958,1,0,R,6873.00,6913.00,7068.00,,7108.00;7108.50,,34.500668214109865
959,1,0,R,6874.00,6914.00,7069.00,,7109.00;7109.50,,34.531823616288065
960,1,0,R,6875.00,6915.00,7070.00,,7110.00;7110.50,,34.56297025525631
961,0,0,R,7080.00,7120.00,7275.00,,7315.00;7315.50,,33.6294169913198
962,0,0,R,7081.00,7121.00,7276.00,,7316.00;7316.50,,33.659810018451445
963,0,0,R,7082.00,7122.00,7277.00,,7317.00;7317.50,,33.690194738640244
964,0,0,R,7083.00,7123.00,7278.00,,7318.00;7318.50,,33.72057115529139
965,0,0,R,7084.00,7124.00,7279.00,,7319.00;7319.50,,33.750939271808186
966,0,0,R,7085.00,7125.00,7280.00,,7320.00;7320.50,,33.7812990915921
967,0,0,R,7086.00,7126.00,7281.00,,7321.00;7321.50,,33.81165061804275
968,0,0,R,7087.00,7127.00,7282.00,,7322.00;7322.50,,33.84199385455787
969,0,0,R,7088.00,7128.00,7283.00,,7323.00;7323.50,,33.87232880453335
970,0,0,R,7089.00,7129.00,7284.00,,7324.00;7324.50,,33.90265547136323
971,0,0,R,7090.00,7130.00,7285.00,,7325.00;7325.50,,33.932973858439695
972,0,0,R,7091.00,7131.00,7286.00,,7326.00;7326.50,,33.963283969153075
973,0,0,R,7092.00,7132.00,7287.00,,7327.00;7327.50,,33.99358580689184
974,0,0,R,7093.00,7133.00,7288.00,,7328.00;7328.50,,34.02387937504264
975,0,0,R,7094.00,7134.00,7289.00,,7329.00;7329.50,,34.05416467699025
976,0,0,R,7095.00,7135.00,7290.00,,7330.00;7330.50,,34.08444171611759
977,1,0,R,7096.00,7136.00,7291.00,,7331.00;7331.50,,34.11471049580577
978,1,0,R,7097.00,7137.00,7292.00,,7332.00;7332.50,,34.144971019434024
979,1,0,R,7098.00,7138.00,7293.00,,7333.00;7333.50,,34.17522329037976
980,1,0,R,7099.00,7139.00,7294.00,,7334.00;7334.50,,34.20546731201854
981,1,0,R,7100.00,7140.00,7295.00,,7335.00;7335.50,,34.23570308772408
982,1,0,R,7101.00,7141.00,7296.00,,7336.00;7336.50,,34.26593062086826
983,1,0,R,7102.00,7142.00,7297.00,,7337.00;7337.50,,34.29614991482112
984,1,0,R,7103.00,7143.00,7298.00,,7338.00;7338.50,,34.32636097295087
985,1,0,R,7104.00,7144.00,7299.00,,7339.00;7339.50,,34.35656379862388
986,1,0,R,7105.00,7145.00,7300.00,,7340.00;7340.50,,34.38675839520469
987,1,0,R,7106.00,7146.00,7301.00,,7341.00;7341.50,,34.416944766055984
988,1,0,R,7107.00,7147.00,7302.00,,7342.00;7342.50,,34.447122914538646
989,1,0,R,7108.00,7148.00,7303.00,,7343.00;7343.50,,34.477292844011714
990,1,0,R,7109.00,7149.00,7304.00,,7344.00;7344.50,,34.50745455783239
991,1,0,R,7110.00,7150.00,7305.00,,7345.00;7345.50,,34.53760805935607
992,1,0,R,7111.00,7151.00,7306.00,,7346.00;7346.50,,34.5677533519363
993,0,0,R,7316.00,7356.00,7511.00,,7551.00;7551.50,,33.663245712772294
994,0,0,R,7317.00,7357.00,7512.00,,7552.00;7552.50,,33.69268454154253
995,0,0,R,7318.00,7358.00,7513.00,,7553.00;7553.50,,33.722115575561
996,0,0,R,7319.00,7359.00,7514.00,,7554.00;7554.50,,33.75153881792309
997,0,0,R,7320.00,7360.00,7515.00,,7555.00;7555.50,,33.780954271722585
998,0,0,R,7321.00,7361.00,7516.00,,7556.00;7556.50,,33.810361940051614
999,0,0,R,7322.00,7362.00,7517.00,,7557.00;7557.50,,33.83976182600066
1000,0,0,R,7323.00,7363.00,7518.00,,7558.00;7558.50,,33.8691539326586
